years,court,simplejudge,record,place,compromise,xword,education,mind,financial,support,attitude,confess,sequel,law,label
90,0,1,2,0,2,7,2,2,2,1,3,0,0,1,3
91,0,1,2,0,2,0,2,2,2,1,2,0,1,1,3
91,0,1,2,0,2,10,2,2,2,1,0,0,1,0,2
91,0,1,0,0,2,8,2,2,2,1,1,0,1,0,2
91,1,1,2,0,2,0,2,2,2,1,0,0,1,0,3
91,0,1,2,0,2,8,1,2,2,1,0,0,0,1,3
90,0,1,2,1,2,0,1,2,2,1,2,0,0,1,3
89,1,1,2,0,2,8,2,2,2,1,2,1,0,1,2
89,0,1,2,0,2,8,2,2,2,1,1,0,0,1,3
90,0,1,2,0,2,8,2,2,2,1,0,0,0,0,2
91,0,0,2,1,1,4,1,2,2,1,2,1,1,1,2
90,0,1,2,1,2,8,2,2,2,1,3,0,1,1,3
90,1,1,2,0,2,0,2,2,2,1,1,0,1,0,2
90,0,1,2,0,2,1,2,2,2,1,1,0,0,0,2
89,1,1,2,0,2,8,2,2,2,1,2,0,0,1,3
91,0,1,2,0,2,8,2,2,2,1,0,0,1,1,2
91,0,0,2,1,2,8,2,2,2,1,3,0,0,1,0
89,0,1,0,0,2,4,2,2,2,1,2,0,0,1,3
91,0,0,2,0,2,8,0,2,2,1,0,0,0,0,2
91,0,0,2,0,2,4,2,2,2,1,0,0,1,0,2
91,0,1,2,0,2,0,2,2,2,1,2,0,0,1,2
91,1,1,0,0,2,8,2,2,2,1,0,1,1,1,3
100,1,1,2,0,1,8,2,2,2,1,2,0,0,0,2
100,0,0,2,1,2,7,2,2,2,1,2,0,0,1,2
100,0,0,2,1,2,6,1,2,2,1,2,1,1,1,2
99,0,0,2,1,1,10,2,2,2,1,0,0,0,1,2
100,0,1,2,0,1,0,2,2,2,1,2,0,0,0,2
100,0,0,2,1,1,0,1,2,1,1,2,1,0,1,2
100,0,0,2,1,2,0,2,2,2,1,2,0,0,0,2
100,0,0,2,0,2,6,2,2,2,1,3,1,0,0,2
100,0,0,2,0,2,8,2,2,2,1,0,0,0,0,0
100,0,0,2,1,2,4,1,2,2,1,2,0,1,1,2
100,0,0,2,0,2,0,2,2,2,1,2,0,0,0,2
100,0,0,2,0,1,0,2,2,2,1,2,0,0,1,2
99,0,1,2,1,1,2,2,2,2,1,2,0,1,0,0
100,0,1,2,1,2,10,2,2,2,1,0,0,0,0,3
100,0,1,2,0,1,10,2,2,2,1,0,0,0,1,3
100,0,1,2,1,1,0,2,2,2,1,2,1,1,1,3
100,0,0,2,0,1,8,2,2,2,1,2,1,1,1,2
100,0,0,2,1,1,8,2,2,2,1,3,1,1,1,3
100,0,1,2,0,2,8,2,2,2,1,0,0,0,1,3
100,1,1,0,1,2,0,2,2,2,1,2,0,0,0,3
100,1,1,0,1,2,0,2,2,2,1,2,0,0,0,3
100,0,0,0,0,1,6,2,2,2,1,0,1,0,0,2
100,1,1,2,0,2,9,1,2,2,1,2,0,1,1,2
100,0,1,2,0,2,10,2,2,2,1,2,0,1,0,2
100,0,0,0,0,2,8,2,2,2,1,2,1,0,1,2
100,0,1,2,1,2,8,1,2,2,1,3,0,1,0,2
100,0,0,2,1,1,10,0,2,2,1,2,1,0,1,2
100,0,1,2,1,2,8,2,2,2,1,2,0,0,1,2
100,0,0,2,1,1,0,2,2,0,1,2,1,1,1,2
99,0,1,2,0,1,10,2,2,2,1,0,1,1,0,2
99,0,1,2,1,2,0,2,2,2,1,3,0,0,0,2
100,0,0,2,1,2,4,2,2,0,1,2,1,0,1,2
100,0,1,2,0,2,8,1,2,2,1,3,0,1,0,2
100,0,1,2,0,2,0,1,2,2,1,0,0,0,0,3
100,0,1,2,1,1,0,1,2,2,1,1,0,1,0,2
100,0,0,2,1,2,8,1,2,1,1,2,1,1,1,2
100,0,0,2,1,2,8,2,2,2,1,3,0,0,1,2
100,0,0,2,0,2,8,2,2,2,1,3,0,1,0,0
99,0,1,2,0,2,8,2,2,2,1,2,0,0,0,3
100,0,1,2,0,2,6,2,2,2,1,2,0,0,0,2
100,1,0,2,0,2,4,2,2,2,1,0,0,0,0,1
100,1,0,2,1,2,8,1,2,2,1,2,0,1,1,3
100,0,1,0,1,2,8,2,2,2,1,0,0,0,1,3
100,0,1,2,1,2,9,2,2,2,1,2,0,0,1,2
100,1,1,2,1,1,7,2,2,2,1,2,0,1,0,2
100,0,0,2,1,1,0,1,2,1,1,0,1,0,1,0
100,0,1,2,1,1,0,1,2,2,1,2,1,1,1,2
100,0,0,0,1,2,2,2,2,2,1,0,0,0,1,3
100,0,0,2,0,2,2,0,2,0,1,2,0,0,0,2
100,0,1,2,1,2,8,0,2,2,1,0,0,0,1,3
100,1,0,2,1,2,0,1,2,1,1,2,1,0,1,2
100,0,0,2,1,2,10,0,2,2,1,2,1,1,1,2
100,0,0,2,0,1,8,2,2,2,1,0,0,0,0,0
100,0,1,2,1,2,0,2,2,2,1,2,0,1,1,3
100,1,0,2,0,2,9,2,2,2,1,3,1,0,0,2
100,0,1,2,0,2,8,1,2,2,1,0,0,0,0,2
100,1,0,2,1,1,7,2,2,2,1,3,0,0,1,0
100,0,0,2,0,1,8,2,2,2,1,2,0,0,1,0
100,1,0,2,1,2,4,2,2,2,1,2,1,0,1,2
100,1,0,2,0,2,8,2,2,2,1,2,0,0,1,3
100,0,1,2,0,2,6,2,2,2,1,2,0,1,0,2
100,2,1,2,1,2,8,2,2,2,1,3,1,0,0,2
100,0,0,2,0,2,10,2,2,2,1,2,1,0,1,2
100,0,1,2,1,1,0,2,2,2,1,2,0,0,1,2
100,1,1,2,1,2,0,2,2,2,1,2,1,1,1,3
100,0,0,2,1,1,2,1,2,2,1,3,1,0,1,1
101,0,0,2,0,1,0,2,2,2,1,2,1,0,1,2
100,0,1,2,0,1,7,1,2,2,0,0,0,0,1,2
100,0,1,2,1,2,2,2,2,2,1,1,0,1,0,2
100,0,1,2,0,2,8,2,2,2,1,0,1,1,0,2
101,0,0,2,1,1,10,2,2,2,1,2,0,0,0,2
101,0,1,2,0,2,8,2,2,0,1,0,0,0,0,2
101,0,0,2,1,1,8,2,2,0,1,2,0,1,1,2
100,0,1,0,1,2,6,2,2,2,1,0,0,1,1,3
101,0,0,2,1,1,9,2,2,1,1,2,1,1,0,3
101,0,1,2,0,1,8,2,2,2,1,1,0,0,0,2
101,0,1,2,0,1,7,1,2,2,1,2,0,0,0,2
101,0,0,2,0,1,8,0,2,1,1,2,1,0,1,2
100,0,1,2,1,2,8,2,2,2,1,3,0,1,1,2
101,0,0,2,1,1,9,2,2,1,1,3,0,1,1,1
100,0,1,2,1,2,0,2,2,2,1,2,1,0,1,2
100,0,1,2,0,2,7,2,2,2,1,2,0,1,0,2
100,1,0,2,1,2,4,2,2,2,1,0,0,1,0,3
101,1,0,2,1,2,2,2,2,2,1,2,1,0,1,0
100,0,1,2,0,1,6,2,2,2,1,0,0,0,1,2
101,0,0,2,1,1,2,2,2,2,1,2,0,0,1,0
101,0,1,2,1,2,3,2,2,2,1,3,1,0,1,0
100,0,1,2,0,1,0,2,2,2,1,0,0,0,0,3
100,0,1,2,1,2,1,2,2,2,1,2,0,0,1,2
101,0,0,2,0,2,6,2,2,2,1,2,0,1,0,1
100,0,0,0,0,2,8,0,2,2,1,0,0,1,1,2
101,0,0,2,0,1,0,2,2,2,1,2,1,0,0,0
100,1,0,2,0,1,8,2,2,2,1,2,1,0,0,2
101,0,0,2,1,1,10,2,2,2,1,2,0,1,0,2
101,1,0,2,0,2,8,2,2,2,1,2,0,0,0,2
100,0,1,2,1,1,0,1,2,2,1,2,0,0,0,0
101,0,0,0,0,2,7,2,2,2,1,2,0,0,1,3
100,0,0,2,1,2,7,2,2,2,1,2,1,1,1,1
100,0,0,2,1,2,4,2,2,2,1,2,1,1,1,1
100,0,1,2,1,2,8,2,2,2,1,0,0,1,0,2
100,0,1,2,0,2,2,0,2,2,1,0,0,1,0,2
100,1,1,2,1,2,0,1,2,2,1,3,1,1,1,2
100,0,1,2,0,1,8,2,2,2,1,2,1,0,1,1
100,0,0,2,0,2,7,2,2,2,1,2,0,0,0,0
100,0,0,0,0,1,8,2,2,2,1,0,0,0,0,2
100,0,0,0,0,2,0,0,2,2,1,2,1,0,0,2
100,0,1,2,1,2,0,1,2,2,1,2,0,1,0,3
100,1,0,2,1,1,0,2,2,2,1,2,1,0,1,2
101,1,0,2,0,1,6,2,2,2,1,2,0,0,1,2
100,0,1,2,0,2,8,2,2,2,1,1,0,0,0,2
101,0,1,2,0,1,0,2,2,1,1,2,0,1,0,2
101,0,1,0,1,2,7,2,2,2,1,2,1,0,1,3
101,1,0,0,0,1,0,2,2,2,1,0,0,0,0,2
101,0,0,2,1,1,8,1,2,1,1,2,1,1,0,2
101,0,1,2,1,1,6,2,2,1,1,0,1,1,1,2
101,0,0,2,1,2,0,0,2,2,1,1,0,1,1,2
99,0,1,2,1,2,0,1,2,2,1,0,0,1,1,3
100,0,1,2,0,1,8,2,2,2,1,2,0,0,0,2
101,0,1,2,1,2,0,2,2,2,1,1,0,0,0,2
101,0,1,2,0,2,4,2,2,2,1,0,0,0,0,2
101,0,1,2,0,1,2,1,2,2,1,0,0,0,1,2
101,0,0,2,1,1,6,2,2,2,1,3,1,0,0,2
100,0,1,2,0,2,0,0,2,2,1,2,0,1,0,2
100,1,1,2,1,2,6,2,2,2,1,0,0,0,0,3
101,1,1,0,0,2,0,2,2,2,1,2,0,0,0,1
101,0,0,2,1,1,0,1,2,1,1,2,1,0,0,1
101,0,1,2,1,2,0,2,2,2,1,0,0,1,1,2
101,0,1,2,0,2,10,2,2,2,1,0,0,0,0,0
101,0,0,2,1,1,0,2,2,2,1,0,0,0,1,2
101,1,0,2,1,1,8,2,2,2,1,2,0,1,0,2
101,0,1,2,1,1,0,2,2,2,1,2,1,0,1,2
101,0,1,2,1,2,8,2,2,2,1,0,1,1,1,2
101,1,0,2,0,1,8,2,2,2,1,2,1,1,1,2
100,1,0,2,0,2,8,2,2,2,1,2,1,1,0,2
101,0,0,2,0,1,8,0,2,0,1,2,1,0,1,1
100,0,0,2,0,2,0,2,2,2,1,0,0,1,0,2
100,0,1,0,0,1,6,2,2,2,1,0,0,0,0,3
101,0,0,2,1,2,7,2,2,2,1,2,1,0,1,0
100,0,0,2,1,1,3,2,2,2,1,3,0,1,0,3
101,1,1,2,0,2,8,2,2,2,1,1,0,1,0,1
101,0,1,2,1,1,8,2,2,2,1,1,0,1,1,2
101,0,1,2,0,2,0,1,2,2,1,2,0,1,0,3
100,1,1,2,1,2,0,2,2,2,1,3,0,0,1,3
101,1,1,2,1,2,3,0,2,2,1,2,1,0,0,2
101,0,1,2,0,2,8,2,2,2,1,1,0,0,0,0
101,1,1,0,0,2,8,2,2,2,1,0,1,1,1,3
101,0,0,2,0,2,3,2,2,1,1,0,1,0,0,0
101,1,1,1,1,1,8,2,2,2,1,3,0,1,1,2
101,0,0,2,1,1,4,2,2,2,1,2,1,1,1,2
101,0,1,2,1,1,0,2,2,2,1,3,1,1,1,1
101,0,1,0,1,2,10,0,2,2,1,0,0,1,0,2
100,0,1,2,1,2,6,2,2,2,1,0,0,0,0,3
101,0,0,0,0,2,4,1,2,2,1,2,1,0,0,2
101,1,0,2,0,2,8,2,2,2,1,2,0,1,1,2
101,0,1,2,0,2,7,2,2,2,1,0,0,0,0,3
101,0,1,0,0,2,8,0,2,2,1,3,1,1,1,3
101,1,0,2,0,1,3,2,2,2,1,0,0,0,0,0
101,0,0,2,0,2,10,2,2,2,1,2,1,1,1,2
101,1,0,2,0,1,2,2,2,2,1,0,0,0,0,2
101,0,0,2,0,2,0,2,2,2,1,0,1,0,0,2
101,0,0,2,1,2,8,2,2,2,1,2,0,1,1,1
101,0,0,2,1,2,0,2,2,2,1,2,1,0,0,1
100,0,1,2,0,1,0,2,2,2,1,0,0,1,0,0
101,0,0,2,1,1,8,1,2,0,1,2,1,0,0,2
100,0,1,2,0,1,3,2,2,2,1,3,0,0,0,2
101,0,0,2,1,1,2,2,2,2,1,2,1,0,1,2
101,0,1,2,0,1,8,2,2,2,1,0,0,0,0,2
101,0,0,2,0,2,0,2,2,2,1,2,1,1,1,2
101,2,1,2,1,2,7,0,2,2,1,3,1,0,0,2
101,0,1,2,0,2,0,2,2,2,1,2,0,0,0,2
101,1,1,2,0,2,8,1,2,2,1,0,0,1,0,2
101,0,0,2,0,1,2,2,2,1,1,0,0,1,0,0
101,1,0,2,1,2,8,2,2,2,1,2,1,0,1,2
101,0,1,2,1,1,0,2,2,2,1,2,0,1,0,1
101,0,1,2,1,2,0,2,2,2,1,0,0,0,1,2
101,1,0,2,0,2,0,2,2,2,1,0,0,1,1,2
101,1,1,2,0,2,0,1,2,2,1,1,0,1,0,2
101,0,0,2,1,2,7,2,2,2,1,0,0,1,1,2
101,0,0,2,0,1,8,1,2,2,1,2,1,1,0,2
101,1,0,2,0,2,2,2,2,2,1,2,1,0,0,2
100,0,0,2,0,1,10,2,2,2,1,0,0,0,0,2
101,0,1,2,1,2,0,1,2,2,1,0,0,0,1,2
101,0,0,0,0,2,8,2,2,2,1,0,0,0,0,3
101,0,1,2,0,2,8,2,2,2,1,0,0,1,0,2
101,0,1,2,0,2,8,2,2,2,1,1,0,1,0,2
101,1,0,2,0,1,6,2,2,2,1,2,1,0,0,3
101,0,1,0,0,2,10,1,2,2,1,2,0,0,1,2
101,0,1,2,0,2,2,2,2,2,1,0,0,1,0,3
101,0,1,2,0,2,6,2,2,2,1,2,0,1,0,2
101,0,1,2,1,2,10,2,2,2,1,2,0,0,1,2
101,0,1,2,0,1,2,1,2,1,1,1,0,0,0,2
101,1,0,2,1,2,0,2,2,2,1,2,0,1,0,2
100,0,1,2,0,1,8,0,2,2,1,2,0,1,0,2
101,0,1,2,0,1,0,1,2,1,1,1,0,0,1,2
101,0,1,0,0,2,6,2,2,2,1,0,0,0,0,2
101,0,1,2,1,2,8,2,2,2,1,2,0,1,0,2
101,0,0,2,1,1,8,0,2,0,1,1,0,1,1,1
101,0,0,2,1,1,10,2,2,2,1,2,1,1,0,2
101,0,0,2,0,1,9,2,0,2,1,1,0,0,0,0
101,0,1,2,0,2,7,2,2,2,1,3,0,0,0,2
101,0,1,2,0,2,8,1,2,2,1,1,0,0,0,2
101,0,1,2,1,2,10,2,2,2,1,2,0,0,1,3
101,0,1,2,1,2,0,2,2,2,1,0,0,1,1,2
101,0,1,2,0,2,8,2,2,2,1,0,0,0,0,2
101,0,1,2,0,1,0,0,2,2,1,2,1,1,0,0
100,0,0,2,0,2,6,2,2,2,1,2,0,0,0,2
101,1,1,2,0,1,6,2,2,2,1,1,0,1,0,2
101,1,1,2,0,1,0,2,2,2,1,0,0,1,0,2
101,0,0,2,1,1,0,2,2,2,1,0,0,0,1,2
101,0,1,2,1,1,8,2,2,2,1,3,0,1,0,2
101,0,1,2,1,2,0,2,2,2,1,2,1,1,1,2
101,1,0,2,0,2,7,2,2,2,1,0,1,0,1,3
101,0,1,0,0,1,0,2,2,2,1,1,1,0,0,2
101,0,0,2,0,2,10,2,2,2,1,2,0,1,1,2
101,0,1,0,0,2,0,2,2,2,1,0,0,1,0,2
102,0,0,2,1,1,8,0,2,0,1,0,1,1,0,0
101,0,1,2,0,1,1,2,2,2,1,2,1,1,0,0
101,0,1,2,0,2,8,1,2,1,1,1,0,1,0,2
102,1,0,2,0,2,0,2,2,2,1,2,0,0,0,2
101,0,1,2,1,1,8,2,2,2,1,2,0,1,0,2
102,1,1,2,1,2,0,2,2,2,1,2,0,0,1,1
102,0,1,2,0,0,5,0,2,2,1,3,1,0,0,0
101,1,0,2,1,1,8,2,2,2,1,2,1,0,1,2
102,0,1,0,1,2,4,2,2,2,1,2,1,1,0,1
102,2,1,2,0,2,4,2,2,2,1,3,1,0,0,0
102,1,1,2,1,2,7,2,2,0,0,2,1,0,1,2
101,0,0,2,0,1,7,1,2,2,1,2,1,0,0,2
101,2,1,2,0,2,10,0,2,0,1,3,0,0,0,1
101,0,1,2,1,2,2,1,2,2,1,0,0,1,0,3
101,0,1,2,1,2,0,2,2,2,1,0,0,0,0,2
102,1,0,2,0,2,0,2,2,2,1,0,0,1,0,1
102,0,0,2,1,1,0,0,2,1,1,2,1,0,1,2
101,0,0,2,1,2,8,2,2,2,1,2,0,0,0,2
101,0,0,2,1,1,0,2,2,2,1,2,0,0,1,2
102,0,0,2,1,2,8,2,2,2,1,0,1,0,1,2
101,0,1,2,1,2,8,0,2,2,1,0,0,0,0,2
101,0,1,2,1,2,4,1,2,2,1,2,0,1,0,2
101,0,0,0,1,2,0,2,2,0,1,0,0,1,0,2
102,1,0,2,0,1,7,2,2,2,1,2,0,0,1,2
101,0,1,2,1,2,6,2,2,2,1,3,1,1,1,1
101,0,0,2,0,2,0,2,2,2,1,0,0,1,0,2
101,0,1,0,1,2,0,2,2,2,1,2,1,1,0,2
102,0,0,2,1,1,8,2,2,2,1,3,1,0,1,1
102,0,0,2,0,1,7,2,2,2,1,2,1,0,0,2
102,0,1,2,0,2,6,2,2,2,1,1,0,1,0,2
102,1,1,2,0,1,8,2,2,1,1,0,0,1,0,0
102,0,0,2,1,1,8,2,2,2,1,2,1,1,1,3
102,0,1,2,0,1,0,2,2,2,1,2,1,1,1,1
102,0,1,2,1,1,4,0,2,2,1,1,0,0,1,3
102,1,1,2,1,1,0,2,2,2,1,3,0,1,1,2
101,0,0,2,0,2,6,2,2,2,1,1,0,1,0,2
102,0,0,2,1,1,7,2,2,0,0,1,0,0,1,2
102,0,0,2,0,2,10,2,2,2,1,0,0,0,1,3
102,1,0,2,0,1,8,2,2,2,1,2,0,1,1,2
101,0,0,2,1,1,8,2,2,2,1,0,0,1,1,0
101,0,1,2,1,1,8,1,2,2,1,2,0,1,0,0
102,0,1,2,0,2,4,2,2,2,1,0,0,1,0,2
101,0,0,2,0,1,8,1,2,2,1,1,1,0,0,0
101,1,1,2,0,2,8,2,2,2,1,2,0,1,0,2
101,0,0,2,1,2,10,2,2,2,1,2,0,1,0,2
102,0,1,2,0,2,7,2,2,2,0,2,0,1,1,3
91,0,0,2,1,2,8,2,2,2,1,1,0,0,1,0
91,1,1,2,0,2,8,2,2,2,1,2,0,0,0,2
91,0,1,2,1,2,0,2,2,2,1,0,0,0,0,2
91,1,1,2,0,1,6,2,2,2,1,3,1,1,0,2
91,1,0,2,0,2,0,2,2,2,1,2,0,0,1,0
92,0,1,0,0,2,8,2,2,2,1,0,0,0,0,1
92,0,1,2,0,2,2,2,2,2,1,2,1,0,1,2
92,0,1,2,0,2,0,2,2,2,1,2,0,1,0,3
92,0,1,2,0,2,8,2,2,2,1,2,0,0,1,2
89,0,0,2,0,2,0,2,2,2,1,3,1,0,1,3
92,0,1,2,1,2,0,0,2,2,1,0,0,0,0,2
92,0,0,0,0,1,8,2,2,2,1,0,0,0,0,3
91,1,1,2,0,2,0,2,2,2,1,0,0,1,0,2
88,0,1,2,0,2,8,2,2,2,1,2,0,0,1,2
91,1,0,2,0,2,8,2,2,2,1,2,0,1,1,3
91,0,1,2,0,2,8,2,2,2,1,2,0,0,1,3
91,0,1,2,0,2,8,2,2,2,1,3,0,0,1,2
89,0,1,2,0,2,5,2,2,2,1,1,0,0,0,2
92,1,1,2,0,2,8,1,2,2,1,2,0,1,0,2
91,0,1,2,0,2,8,2,2,2,0,0,0,0,0,3
91,0,1,0,0,2,8,2,2,2,1,1,0,1,1,3
102,0,1,2,0,1,6,0,2,2,1,3,1,1,0,0
101,0,0,2,1,1,7,1,2,2,0,3,0,1,0,2
101,0,1,2,1,2,8,1,2,2,1,3,0,0,0,3
102,0,1,0,1,1,8,1,2,2,1,0,0,0,0,2
102,0,1,2,1,2,4,2,2,2,1,2,1,1,0,0
102,0,1,2,0,2,4,0,2,2,1,0,0,1,1,2
102,0,1,2,1,1,7,2,2,2,1,2,1,1,1,2
101,0,0,2,1,1,0,2,2,2,1,2,0,0,1,2
101,0,0,0,0,1,10,2,2,2,1,3,0,0,0,2
102,0,0,2,1,1,10,2,2,2,1,3,1,0,1,1
102,0,1,2,0,2,8,2,2,2,1,0,0,0,0,2
102,0,0,2,0,2,5,0,2,0,1,3,0,1,0,0
102,0,0,2,1,2,0,0,2,0,1,0,0,0,1,2
102,0,1,2,0,1,6,2,2,2,1,1,0,0,0,3
102,0,1,2,0,2,8,2,2,2,1,0,0,0,0,2
102,0,0,2,1,1,0,0,2,0,1,0,0,0,0,2
102,0,1,2,1,2,0,2,2,2,1,0,0,1,0,2
102,0,1,2,0,2,4,0,2,2,1,3,0,1,0,0
102,0,1,2,1,2,8,2,2,0,1,0,0,0,0,2
101,0,0,2,0,1,4,2,2,2,1,2,0,1,0,0
102,0,1,2,0,1,0,0,2,2,1,2,0,1,0,2
102,0,0,2,0,1,4,2,2,2,1,0,1,0,1,2
102,0,0,2,1,2,0,2,2,2,1,2,1,1,0,2
102,0,1,2,0,2,10,2,2,2,1,2,0,0,0,2
102,1,0,2,1,1,4,2,2,2,1,2,0,1,1,2
102,0,1,2,1,2,0,2,2,0,1,2,0,1,0,2
102,0,1,2,1,2,0,2,2,2,1,3,1,1,1,2
102,0,0,2,0,2,8,2,2,2,1,2,0,0,0,2
102,0,0,2,0,2,8,2,2,2,1,3,1,0,1,2
102,0,0,0,0,1,8,2,2,2,1,0,0,0,1,2
102,0,1,2,0,1,2,2,2,2,1,2,0,1,0,1
102,0,0,2,0,1,1,2,2,2,1,3,0,0,1,2
102,0,0,2,1,1,8,1,2,1,1,2,0,1,1,2
101,0,1,2,0,2,0,2,2,2,1,0,0,0,0,2
102,0,1,2,1,2,8,2,2,2,1,3,0,1,1,3
102,0,0,2,1,2,2,2,2,1,1,2,1,1,1,2
102,0,1,2,0,2,0,2,2,2,1,0,0,0,0,2
102,1,0,2,0,2,8,2,2,2,1,3,1,1,1,2
101,0,1,2,1,1,2,2,2,2,1,0,0,1,0,3
101,0,1,0,1,2,0,2,2,2,1,0,1,1,0,2
101,0,1,2,1,2,8,0,2,2,1,0,0,0,1,2
102,0,0,2,1,1,2,2,2,2,1,2,0,0,1,2
102,0,1,2,1,1,6,1,2,2,1,2,0,1,0,2
102,0,1,0,1,2,4,2,2,2,1,2,0,1,1,3
101,0,1,2,1,2,6,1,2,2,1,0,0,1,0,0
102,0,1,2,1,2,0,2,2,2,1,0,0,1,0,2
102,0,0,2,1,2,0,2,2,2,1,1,0,0,0,2
102,0,1,2,0,2,8,0,2,2,1,2,0,0,1,2
102,0,1,2,1,2,8,2,2,2,1,3,0,1,1,2
102,0,1,2,1,1,8,2,2,2,1,3,0,0,0,3
102,0,0,2,1,2,6,2,2,2,1,2,1,1,1,2
101,1,0,2,0,2,0,1,2,2,1,0,0,0,0,0
102,1,0,2,0,1,0,2,2,2,1,0,0,0,0,2
102,0,0,2,0,1,6,2,2,1,1,2,1,0,0,2
102,0,1,2,1,2,6,2,2,2,1,2,1,0,1,2
102,1,0,2,1,1,0,2,2,2,1,0,0,1,0,2
102,0,0,2,1,2,4,1,2,1,1,0,1,1,1,2
102,0,1,0,1,1,8,2,2,0,1,0,0,0,1,3
101,0,1,2,0,1,10,2,2,2,1,0,0,0,0,3
101,0,1,2,0,1,4,0,2,2,1,0,0,0,1,3
102,0,1,0,1,2,7,1,2,2,1,0,0,1,0,3
102,0,1,2,0,1,6,1,2,2,1,2,0,0,0,2
101,1,1,0,0,1,8,2,2,2,1,0,0,1,1,2
101,0,1,2,1,2,0,1,2,2,1,0,0,1,1,2
102,0,0,2,0,1,10,0,2,1,1,1,0,1,0,2
102,0,0,2,0,1,8,2,2,2,1,3,1,0,1,2
101,1,1,2,0,1,8,2,2,2,1,0,0,1,1,3
102,0,0,2,1,1,7,1,2,1,1,2,1,0,1,2
102,1,0,2,1,1,8,2,2,2,1,2,1,0,1,2
102,0,0,2,1,2,8,2,2,2,1,2,1,0,1,1
102,0,0,2,0,2,2,2,2,2,1,2,0,1,1,2
102,0,0,2,0,2,6,2,2,2,1,0,0,1,0,2
102,1,1,2,0,1,8,2,2,2,1,0,0,0,0,2
102,0,1,0,1,1,0,1,2,0,1,2,1,1,0,2
102,0,1,2,1,2,4,2,2,2,1,2,0,0,0,2
102,0,1,0,0,2,10,2,2,2,0,3,1,1,1,2
102,0,0,2,0,2,0,2,2,2,1,2,0,0,1,2
102,0,0,2,0,2,6,2,2,2,1,2,1,0,0,2
102,0,1,2,1,2,8,1,2,2,1,0,0,0,1,3
102,0,0,2,0,2,4,2,2,1,1,3,1,0,0,1
102,0,0,2,0,2,0,2,2,2,1,1,0,0,0,3
102,0,1,2,0,2,8,2,2,2,1,0,0,0,1,1
102,0,1,2,1,1,0,2,2,2,1,0,0,0,0,2
101,0,1,2,1,2,8,1,2,0,1,0,0,1,0,2
102,0,0,0,1,2,8,2,2,1,1,2,0,1,1,2
103,0,1,2,0,2,8,2,2,2,1,3,1,0,0,0
103,1,0,2,0,2,2,2,2,2,1,2,1,0,0,0
103,0,0,2,0,2,0,1,2,2,1,2,1,0,0,2
103,0,0,2,0,2,7,2,2,2,0,2,0,0,0,0
102,0,1,2,1,1,2,2,2,2,1,0,0,1,0,3
102,1,0,2,1,1,2,2,2,1,1,2,1,0,0,3
103,0,1,2,1,2,2,1,2,2,1,2,0,0,1,2
102,0,0,2,1,1,8,1,2,2,1,2,1,1,1,2
102,1,1,2,1,1,8,2,2,2,1,0,0,1,1,0
103,0,1,2,0,2,0,2,2,2,1,2,1,1,0,3
101,1,1,2,1,2,0,1,2,2,1,0,0,1,0,3
103,2,0,2,1,1,2,2,2,2,1,2,1,1,1,2
102,0,1,2,1,1,0,0,2,2,1,1,0,1,0,2
102,0,1,2,1,1,0,0,2,2,1,1,0,1,0,2
103,0,0,2,0,2,7,2,2,2,1,2,1,0,0,1
102,0,0,2,1,2,8,2,2,2,1,2,1,1,1,1
102,0,1,2,1,2,0,0,2,2,1,1,0,0,1,2
102,0,0,0,0,2,4,1,2,2,1,0,0,0,0,2
102,0,1,2,1,2,6,2,2,1,1,2,0,0,0,2
103,0,0,0,0,2,0,2,2,2,1,0,1,0,0,0
102,0,1,2,1,1,1,2,2,2,1,3,1,1,1,2
102,0,1,2,1,2,8,1,2,1,1,2,0,0,0,3
102,0,1,2,1,1,8,1,2,2,1,0,0,1,0,3
102,0,0,0,0,1,8,1,2,1,1,0,0,1,1,3
102,0,1,2,1,1,10,2,2,2,1,2,1,1,0,2
102,0,1,2,1,2,0,2,2,2,1,2,1,0,0,2
102,0,1,2,1,2,8,0,2,2,1,3,0,1,1,1
103,0,0,2,0,2,7,1,2,0,1,2,1,0,0,2
103,1,0,2,0,1,9,2,2,2,1,2,0,0,0,0
102,0,1,2,0,1,0,2,2,2,1,2,0,1,0,2
102,1,1,2,0,1,2,1,2,2,1,2,1,1,0,2
103,0,0,2,0,2,8,2,2,1,1,2,1,0,1,2
103,0,0,2,1,1,8,2,2,2,1,2,1,1,1,2
103,0,1,2,1,2,0,2,2,2,1,0,0,0,1,2
103,0,0,2,1,1,0,2,2,2,1,2,0,1,0,2
103,1,0,2,1,2,0,2,2,2,1,2,1,0,1,1
103,1,1,2,1,2,12,2,2,2,1,3,1,1,1,2
102,0,1,2,0,2,8,1,2,2,1,3,0,0,0,2
103,0,0,2,1,2,0,2,2,2,1,2,1,1,1,2
102,0,1,2,1,1,8,2,2,2,1,0,0,1,1,3
103,0,0,2,0,1,7,2,2,1,1,0,1,0,0,2
102,1,1,2,1,2,8,2,2,2,1,2,0,0,0,1
103,0,0,2,1,2,8,2,2,2,1,2,0,0,0,2
103,0,0,2,0,2,8,2,2,2,1,2,1,1,1,2
103,0,0,2,0,1,7,2,2,2,1,2,1,0,0,2
103,0,1,2,1,2,8,2,2,2,1,0,0,0,1,2
102,0,1,2,0,2,0,0,2,2,1,0,0,0,1,2
103,0,0,2,1,2,10,1,2,1,1,2,1,0,1,0
102,0,1,2,1,2,0,0,2,2,1,2,0,1,0,2
103,0,0,2,1,2,0,2,2,2,1,0,0,1,0,2
103,0,0,2,1,2,9,1,2,2,1,2,0,1,0,2
102,0,0,2,1,2,9,1,2,2,1,2,0,1,0,3
103,0,0,2,0,2,6,0,2,2,1,2,1,0,1,2
103,1,1,2,0,1,6,2,2,2,1,2,1,0,0,2
102,0,1,2,1,2,8,2,2,2,1,2,0,0,0,2
103,0,0,2,1,2,4,2,2,2,1,2,1,1,0,0
102,0,1,2,1,2,6,0,2,2,1,0,0,1,0,2
103,0,1,2,1,2,8,2,2,0,1,0,0,0,0,3
103,1,0,2,0,1,7,0,2,2,0,3,1,0,0,2
102,0,1,0,1,2,0,2,2,2,1,0,1,1,1,2
102,0,1,2,0,2,0,2,2,1,1,1,0,1,0,2
103,0,1,2,1,2,8,1,2,2,1,2,0,0,0,2
103,0,0,2,0,1,8,2,2,2,1,2,1,0,0,2
103,0,1,2,0,2,2,2,2,2,1,2,0,0,0,2
101,0,1,2,1,1,8,2,2,2,1,2,0,1,0,3
103,1,0,2,1,1,4,2,2,2,1,0,0,0,1,1
103,0,1,2,1,2,8,2,2,2,1,0,0,1,1,2
103,1,0,2,0,2,2,2,2,2,1,2,0,0,0,0
103,1,0,2,0,2,5,2,2,2,1,0,1,0,0,0
102,0,0,2,1,0,0,2,2,0,1,3,1,0,1,0
102,0,1,2,1,1,8,2,2,2,1,2,1,0,0,1
102,0,1,2,1,2,4,2,2,2,0,2,0,1,1,3
103,0,1,2,0,2,2,0,2,2,1,0,0,0,0,2
103,0,1,2,1,1,8,2,2,2,1,0,0,1,0,2
103,0,1,2,1,1,8,2,2,2,1,0,0,1,0,2
103,0,0,2,0,2,7,2,2,2,1,2,1,1,0,2
103,0,0,2,0,1,10,2,2,2,1,2,0,0,0,2
103,0,0,2,0,1,8,0,2,2,1,2,1,1,1,1
103,0,1,2,1,2,8,1,2,2,1,3,0,0,0,0
103,0,0,2,1,1,8,1,2,2,1,2,1,0,1,3
103,0,0,2,1,2,8,1,2,1,1,2,0,0,1,0
103,0,0,2,1,2,8,2,2,2,1,2,1,1,0,0
103,0,1,2,0,1,2,2,2,2,1,2,0,0,0,2
103,0,1,0,0,2,8,2,2,2,1,0,0,0,0,2
103,0,1,2,0,2,8,2,2,2,1,2,1,1,0,0
103,0,0,2,0,1,0,2,2,2,1,0,0,0,0,3
103,0,0,2,1,2,0,0,2,2,1,2,0,0,1,3
103,2,0,2,0,2,0,2,2,2,1,3,1,1,1,3
103,0,0,2,1,2,6,2,2,2,1,2,0,1,1,0
103,1,1,2,1,2,8,2,2,0,1,0,0,1,1,3
103,1,1,2,1,2,8,2,2,2,1,3,1,0,1,2
103,0,0,2,1,2,8,0,2,0,1,2,1,0,1,2
103,0,0,2,0,1,0,2,2,2,1,2,1,1,1,2
103,0,1,2,1,1,10,2,2,2,1,2,1,1,1,3
103,1,0,2,0,1,8,2,2,2,1,0,0,0,1,2
103,0,1,2,1,1,6,2,2,2,1,0,0,1,0,2
103,0,0,2,1,2,8,2,2,2,1,3,0,1,1,2
103,0,0,2,1,1,8,2,2,2,1,0,0,1,1,3
103,0,0,2,1,2,0,2,2,2,1,2,1,1,1,2
103,0,0,2,0,2,8,0,2,1,1,1,1,1,0,0
103,1,0,2,0,1,8,2,2,2,1,2,0,0,0,2
102,0,1,2,0,2,6,2,2,2,1,2,1,0,1,2
103,0,1,2,1,2,0,2,2,2,1,3,0,0,0,2
103,0,1,2,1,1,7,0,2,2,1,1,0,0,0,2
103,0,0,2,1,2,8,2,2,1,1,1,0,0,1,3
102,0,1,2,1,2,8,2,2,0,1,0,0,1,0,2
103,0,0,2,1,2,9,2,2,2,1,0,1,1,1,1
102,0,1,2,0,2,8,2,2,2,1,0,0,0,0,0
103,0,0,2,1,1,7,0,2,0,1,3,1,0,0,2
103,0,1,2,0,1,7,2,2,2,1,1,0,0,0,0
103,0,0,2,0,2,6,2,2,2,1,3,1,0,0,2
103,0,1,2,0,2,0,2,2,2,1,2,1,1,0,2
103,1,0,2,1,1,8,2,2,2,1,2,1,0,0,2
103,0,1,2,1,1,2,2,2,2,1,3,0,1,0,0
103,1,0,2,0,2,8,0,2,0,1,2,1,1,0,2
103,1,1,2,1,1,4,2,2,0,1,2,0,1,0,2
103,0,0,2,1,2,4,1,2,2,1,3,1,1,1,2
102,0,0,2,1,2,4,2,2,1,1,1,0,1,1,1
103,1,0,2,0,0,7,2,2,1,1,0,0,0,0,2
103,0,0,2,1,2,0,2,2,2,1,2,0,0,1,1
103,0,0,2,1,2,4,2,2,1,1,2,1,1,1,2
102,0,1,2,1,2,7,1,2,2,1,2,0,1,0,3
103,0,0,2,0,1,2,1,2,1,1,2,0,0,1,2
103,0,0,2,0,2,0,0,2,0,1,2,0,1,0,2
103,0,0,2,1,1,0,2,2,2,1,2,1,1,0,2
103,0,0,2,1,2,8,2,2,2,1,2,1,1,1,2
103,0,1,2,0,2,0,0,2,2,1,0,0,0,0,2
103,0,0,2,1,1,6,1,2,2,1,2,1,1,1,2
103,0,0,2,1,1,2,2,2,2,1,2,1,0,1,2
103,1,1,2,0,2,8,1,2,2,1,1,0,1,0,3
103,0,0,2,1,1,8,2,2,2,1,2,1,1,1,3
103,0,1,2,1,2,0,0,2,2,1,2,0,0,1,2
103,0,1,2,1,2,0,2,2,0,1,0,0,0,0,0
103,1,1,2,1,2,2,2,2,2,1,2,0,0,0,2
103,0,0,2,0,2,7,2,2,0,1,3,1,0,1,2
103,1,0,2,1,2,10,0,2,2,1,3,1,0,1,2
103,0,0,2,1,2,2,2,2,2,1,2,1,0,1,2
103,0,1,2,1,2,10,0,2,1,1,0,0,0,1,2
103,0,0,2,1,1,8,2,2,2,1,2,1,1,1,2
103,0,1,2,0,1,6,1,2,2,1,0,0,0,0,2
103,0,1,2,1,1,0,1,2,2,1,2,0,1,0,2
103,0,1,2,0,1,8,2,2,2,1,2,1,0,0,2
104,0,0,2,1,2,0,2,2,2,1,2,1,1,1,2
104,0,0,2,1,1,6,2,2,2,1,2,0,1,1,0
103,0,1,2,1,2,0,1,2,2,1,2,0,0,1,3
103,0,0,2,1,2,8,2,2,2,1,0,0,1,0,2
103,0,0,0,0,2,8,2,2,2,1,0,0,0,0,2
104,0,0,2,1,2,0,2,2,2,1,2,1,0,1,2
103,0,1,2,0,2,6,2,2,1,1,3,0,0,0,0
102,0,1,2,1,1,0,2,2,2,1,1,0,1,0,0
103,0,0,0,0,2,8,2,2,2,1,2,1,0,0,0
104,0,1,2,1,2,6,0,2,1,1,2,1,1,0,2
104,0,0,2,1,2,8,2,2,2,1,0,1,0,1,2
104,0,0,2,1,2,6,0,2,2,1,2,0,0,1,2
104,1,1,2,1,1,0,1,2,2,1,2,1,1,1,2
103,0,0,2,1,2,8,2,2,1,1,2,0,1,0,2
104,0,0,2,1,2,8,0,2,2,1,2,0,1,1,2
103,0,1,2,0,1,0,0,2,1,1,2,1,0,0,1
104,0,0,2,1,0,0,1,2,2,1,2,1,0,0,2
103,0,0,2,1,2,0,1,2,0,1,3,1,0,0,2
103,0,0,2,1,2,0,2,2,2,1,1,0,1,1,2
103,0,1,2,0,2,8,2,2,2,1,0,0,1,0,0
103,0,1,2,1,1,0,0,2,2,1,0,0,1,0,1
104,1,0,2,1,1,8,2,2,2,1,2,1,1,1,2
103,0,1,2,1,2,2,2,2,2,1,0,0,0,0,2
104,0,0,2,1,2,8,2,2,2,1,0,0,1,1,3
103,1,1,2,1,1,2,2,2,2,1,2,1,1,0,2
103,0,0,2,0,0,6,0,2,0,1,3,0,0,0,0
104,1,0,2,1,2,8,2,2,2,1,2,1,0,0,2
104,0,0,2,0,1,3,2,2,2,1,2,1,1,1,2
104,1,0,2,0,2,7,2,2,2,1,2,0,0,0,3
103,1,0,2,0,2,8,2,2,2,1,2,0,0,1,1
103,1,1,2,0,2,8,2,2,2,1,0,1,0,0,2
103,0,1,2,1,2,8,2,2,2,1,0,0,1,0,1
103,0,0,2,1,1,8,2,2,2,1,2,1,1,0,2
104,0,0,2,1,2,0,1,2,2,1,2,1,0,1,2
103,0,1,2,1,1,8,1,2,2,1,3,0,1,0,2
104,0,0,2,1,2,3,2,2,0,1,2,1,1,1,2
104,0,0,2,0,2,9,2,2,2,1,2,0,0,1,0
103,0,1,2,1,1,0,2,2,2,1,2,1,0,0,2
103,1,1,2,1,2,6,2,2,2,1,2,1,0,1,0
104,0,1,2,1,2,2,2,2,2,1,2,1,1,1,2
103,2,1,2,0,1,8,0,2,2,1,2,0,0,0,3
104,0,0,2,1,1,6,2,2,2,1,2,1,0,1,2
103,0,0,2,1,2,8,0,2,0,1,3,1,0,1,2
104,0,0,2,0,2,10,2,2,2,1,2,1,1,0,1
104,0,1,2,1,2,7,2,2,0,1,2,1,1,1,2
104,0,0,2,1,1,8,2,2,2,1,2,1,0,1,2
103,0,1,2,1,2,8,2,2,0,1,2,0,1,0,2
104,0,0,2,0,2,0,2,2,2,1,2,0,0,0,2
101,0,1,2,1,1,7,0,2,2,1,1,1,1,0,2
104,1,0,2,1,2,6,2,2,2,1,2,0,0,1,2
103,0,1,2,0,1,8,0,2,2,0,0,0,1,0,0
104,1,0,2,0,2,10,2,2,2,1,3,1,0,0,0
104,1,0,2,1,2,12,2,2,2,1,3,0,0,0,2
104,1,0,2,1,1,8,1,2,2,1,2,1,0,0,2
103,0,1,2,0,1,0,2,2,2,1,1,0,1,0,2
104,0,1,2,0,2,0,2,2,2,1,0,0,0,0,2
103,0,1,2,1,1,2,2,2,2,1,2,0,1,0,0
104,0,1,2,0,1,6,1,2,0,1,2,0,0,0,3
103,0,1,2,1,2,0,2,2,2,1,3,1,1,0,1
104,0,0,2,1,1,4,2,2,2,1,2,0,0,1,2
104,0,0,2,0,1,6,2,2,2,1,2,0,1,1,2
104,1,0,0,0,1,8,2,2,0,1,2,1,0,0,2
103,0,1,2,0,1,8,1,2,2,1,0,0,0,0,2
104,1,0,2,0,1,0,0,2,1,1,0,1,0,0,0
104,0,0,2,1,2,0,2,2,2,1,2,1,0,1,2
104,1,0,2,1,2,4,2,2,2,1,2,1,1,1,2
104,0,0,2,0,1,7,1,2,0,0,2,1,0,0,1
104,1,0,2,1,1,9,2,2,2,1,2,1,0,1,0
103,1,1,2,0,1,8,1,2,2,1,2,0,1,0,2
104,0,0,2,1,2,2,2,2,0,1,2,0,0,1,2
104,0,1,2,0,2,6,1,2,2,1,2,0,0,0,1
103,0,0,2,0,1,10,2,2,2,1,2,1,1,0,2
103,0,1,2,0,1,8,2,2,2,1,0,0,0,0,2
103,2,1,2,0,2,4,0,2,0,1,1,0,0,0,2
91,0,1,2,0,2,7,2,2,2,1,0,0,1,0,2
91,1,1,2,0,2,4,2,2,2,1,0,0,0,0,0
91,0,1,2,0,2,0,2,2,2,1,2,0,0,1,2
92,0,0,2,0,2,9,2,2,2,1,0,0,1,0,2
92,1,0,2,1,2,8,0,2,2,1,3,0,0,1,3
92,0,0,2,1,2,8,0,2,2,1,2,0,0,1,2
92,0,1,2,0,2,0,2,2,2,1,0,1,0,0,3
92,0,1,2,1,2,0,2,2,2,1,2,1,0,1,0
92,0,1,2,0,2,0,2,2,2,1,0,0,1,0,2
92,0,0,2,0,2,0,0,2,0,1,2,0,0,1,2
92,0,1,2,0,2,10,2,2,2,1,3,0,1,0,3
92,0,1,2,0,2,10,2,2,2,1,2,0,0,0,0
88,0,1,2,0,2,8,1,2,2,1,1,0,0,1,2
88,0,1,2,0,2,0,2,2,2,1,1,0,0,0,2
92,0,1,2,1,2,0,2,2,2,1,0,0,0,0,2
92,0,0,2,0,2,0,2,2,2,1,2,0,0,1,3
92,0,1,2,0,2,0,2,2,2,1,2,0,1,0,3
92,1,0,2,1,2,8,2,2,2,1,3,1,0,1,2
92,0,1,2,0,2,0,0,2,2,1,0,0,1,1,2
92,1,0,2,0,2,2,2,2,2,1,2,0,0,0,2
92,0,0,2,0,2,8,2,2,2,1,2,0,1,0,2
91,0,0,2,0,2,8,2,2,2,1,0,0,1,0,3
92,0,1,2,0,2,7,2,2,2,1,1,1,0,0,2
92,0,0,2,0,1,0,2,2,2,1,0,0,0,0,2
88,0,1,2,0,2,8,1,2,2,1,1,0,0,0,2
104,0,0,2,0,1,8,2,2,2,1,2,0,1,0,2
104,0,1,2,0,2,7,2,2,2,0,3,0,0,0,2
104,0,1,2,1,2,0,1,2,2,1,0,0,1,0,3
104,1,1,0,0,1,2,2,2,2,1,2,1,1,1,3
104,1,0,2,0,2,8,2,2,2,1,2,0,1,1,2
104,0,0,2,0,1,4,1,2,2,1,2,1,1,0,2
104,0,1,2,1,1,8,1,2,0,1,3,0,1,1,2
104,0,0,0,1,2,10,2,2,2,1,2,1,1,1,2
104,0,0,2,1,1,7,2,2,2,1,2,0,0,1,2
104,0,1,2,1,2,10,1,2,2,1,2,0,1,0,2
103,0,1,2,1,1,8,2,2,2,1,0,0,1,0,2
104,0,0,2,1,2,0,2,2,2,1,2,0,0,1,2
102,0,1,2,1,2,8,1,2,0,1,0,0,0,0,2
104,0,0,0,0,1,8,2,2,2,1,2,1,0,1,3
103,1,1,2,1,1,8,1,2,1,1,0,0,0,0,2
104,1,0,2,1,2,8,2,2,2,1,2,0,1,0,2
104,0,1,2,1,2,8,2,2,2,1,3,0,0,0,2
104,0,0,2,1,1,6,2,2,2,1,2,1,1,1,2
104,0,1,2,0,2,11,1,2,2,1,3,0,0,0,2
104,0,0,2,1,2,10,2,2,2,1,2,1,0,0,1
102,0,1,2,0,1,8,2,2,2,1,1,0,1,0,2
104,1,0,2,0,2,0,2,2,2,1,2,1,0,0,2
104,1,0,2,0,2,8,0,2,1,1,1,0,0,0,0
104,0,0,2,1,2,7,2,2,2,1,2,0,0,1,2
104,1,1,1,1,2,2,0,2,0,1,2,1,0,0,2
104,0,0,2,1,2,2,2,2,1,1,2,1,0,1,1
104,0,0,2,1,2,8,0,2,2,1,2,1,0,1,2
104,0,1,2,1,1,9,2,2,2,1,2,1,0,1,0
104,0,1,2,0,2,0,2,2,0,1,1,0,0,1,2
104,0,0,2,0,1,0,1,2,2,1,0,0,0,0,2
104,1,0,1,1,2,0,1,2,0,1,2,1,0,0,2
104,0,0,2,1,1,6,2,2,2,1,2,0,0,1,0
104,0,0,2,1,2,4,2,2,2,1,2,1,0,1,2
103,1,1,2,0,2,8,2,2,2,1,2,0,1,0,3
104,1,1,2,0,2,4,0,2,1,1,2,0,0,0,2
103,1,0,2,1,1,8,2,2,2,1,2,0,0,0,2
104,0,0,2,1,1,2,2,2,2,1,2,1,1,0,2
104,1,0,2,0,1,9,2,2,2,1,2,1,1,0,2
104,1,1,2,1,1,7,2,2,1,0,2,1,0,0,3
103,0,1,2,0,2,4,0,2,1,1,1,0,1,0,2
104,0,0,2,0,2,4,2,2,0,1,2,1,0,0,1
104,0,0,2,0,1,0,1,2,2,1,2,0,1,0,0
104,0,0,2,0,1,9,2,2,2,1,2,1,0,0,2
104,0,0,2,0,2,6,0,2,1,1,2,0,0,0,2
103,0,1,2,1,1,8,2,2,2,1,3,0,1,0,2
104,0,0,2,0,2,6,2,2,2,1,0,0,1,0,1
104,0,0,2,1,1,8,1,2,1,1,2,1,1,1,2
104,1,0,2,0,2,0,2,2,2,1,3,1,0,0,2
104,0,0,2,0,2,10,2,2,2,1,2,0,0,0,2
104,0,1,0,1,1,0,0,2,2,0,1,0,0,0,2
104,1,0,0,0,1,0,2,2,1,1,0,0,1,1,2
104,1,1,2,0,2,2,2,2,2,1,2,0,0,0,3
104,0,1,2,0,2,0,2,2,2,0,0,0,1,0,3
104,1,1,2,1,1,6,2,2,2,1,0,1,1,0,2
104,0,1,2,1,2,7,2,2,2,1,2,0,1,1,2
104,0,0,2,1,1,0,2,2,2,1,2,1,0,1,1
104,0,0,2,1,2,8,2,2,2,1,2,1,1,1,3
104,0,0,2,1,2,0,2,2,2,1,2,1,0,1,1
104,0,0,2,0,2,6,2,2,2,1,0,0,1,1,2
104,0,1,2,0,1,0,2,2,2,1,1,0,1,1,2
104,1,0,2,1,1,0,2,2,2,1,2,1,1,0,2
104,1,1,2,1,1,2,2,2,0,1,2,0,0,1,0
104,0,0,2,1,1,0,2,2,2,1,2,1,0,1,2
104,0,0,2,1,1,6,2,2,2,1,2,0,0,1,0
104,0,0,0,1,1,8,2,2,2,1,0,1,1,0,2
104,0,0,2,1,2,7,2,2,2,1,2,0,0,1,1
104,0,1,2,0,2,0,0,2,2,1,0,0,1,0,2
104,0,0,2,1,1,2,2,2,2,1,2,0,1,1,1
104,0,1,2,1,1,7,2,2,2,1,0,0,1,0,2
104,0,1,2,0,1,0,2,2,2,1,1,0,1,1,2
104,0,1,2,0,2,0,2,2,2,1,0,0,1,0,2
104,0,1,2,0,2,0,2,2,2,1,0,0,1,0,2
104,0,1,2,1,2,8,2,2,2,1,0,0,0,0,0
104,0,0,2,1,1,0,0,2,2,1,2,1,1,1,2
104,0,0,2,0,2,10,2,2,2,1,0,1,0,0,0
104,0,1,2,1,2,0,2,2,2,1,0,0,1,1,2
104,1,1,2,1,2,0,2,2,2,1,1,0,1,0,2
104,0,0,2,1,2,0,2,2,2,1,2,1,0,1,2
104,0,0,2,1,1,8,2,2,2,1,2,1,1,1,2
104,2,1,2,0,2,6,0,2,2,1,0,0,1,0,2
104,1,0,2,0,2,8,2,2,2,1,3,0,0,0,2
104,1,0,2,0,2,6,1,2,2,1,2,1,1,0,2
104,0,0,2,1,1,3,2,2,0,1,2,1,0,1,3
104,0,1,2,1,2,0,1,2,2,1,2,0,1,0,2
104,0,1,2,1,1,7,2,2,2,0,2,0,1,1,2
104,0,0,2,1,2,8,0,2,2,1,2,1,0,1,1
104,0,0,2,1,2,5,2,2,2,1,2,0,0,1,0
104,0,1,2,1,2,8,2,2,1,1,2,1,1,1,2
104,0,0,2,1,2,0,2,2,2,1,2,1,1,1,2
104,0,1,2,0,2,8,2,2,2,1,2,0,0,0,0
104,1,1,2,1,1,8,2,2,1,1,2,0,0,0,3
104,0,1,2,0,1,0,2,2,2,1,2,0,0,0,0
104,0,1,2,0,1,7,2,2,0,1,3,0,0,0,2
104,0,1,2,0,2,7,1,2,1,0,0,0,1,0,3
104,0,0,2,0,1,8,2,2,2,1,0,1,1,0,0
104,1,0,2,1,2,2,1,2,2,1,3,0,0,0,2
104,0,1,2,0,1,6,0,2,0,1,2,0,1,0,2
104,0,0,2,1,1,8,0,2,1,1,2,1,0,1,2
105,1,1,2,1,2,0,2,2,2,1,0,0,1,1,3
104,0,1,2,1,2,10,1,2,2,1,0,0,1,1,2
105,0,0,2,0,1,6,0,2,2,1,2,0,1,0,2
104,0,0,2,0,2,8,0,2,2,1,0,0,0,1,3
104,0,1,2,1,2,8,1,2,2,1,2,0,1,0,3
104,0,1,2,0,2,0,1,2,0,1,0,0,1,0,3
105,0,1,2,1,2,0,2,2,2,1,3,0,1,1,2
105,0,0,2,0,2,6,1,2,1,1,2,1,1,1,2
105,1,0,2,1,2,8,2,2,2,1,2,0,0,1,1
105,1,0,2,0,1,0,2,2,2,1,2,1,0,1,0
104,0,1,2,1,1,10,0,2,2,1,0,0,0,0,2
104,0,1,2,1,1,8,2,2,2,1,1,0,1,1,2
105,0,0,2,0,1,8,1,2,2,1,1,0,1,0,2
105,0,0,1,1,2,0,2,2,2,1,2,0,0,1,2
105,0,0,2,0,2,7,2,2,2,1,2,1,0,0,2
105,0,0,2,1,1,0,0,2,2,1,2,1,0,1,2
104,0,1,2,1,2,7,2,2,2,1,1,1,1,1,2
104,0,1,2,1,2,8,2,2,2,1,0,0,0,0,3
104,0,1,2,1,2,0,2,2,2,0,2,0,1,1,2
105,1,0,2,1,1,8,2,2,2,1,2,1,1,0,1
105,0,0,2,0,1,8,2,2,1,1,3,1,0,0,2
104,0,1,2,0,2,4,2,2,2,1,0,0,1,0,0
104,0,1,2,1,2,0,2,2,2,1,2,0,1,1,2
105,0,0,2,1,1,8,2,2,0,1,0,1,1,1,2
104,0,0,2,0,2,4,2,2,0,1,2,0,0,1,2
104,1,0,0,1,1,6,1,2,0,1,0,0,0,0,2
104,0,0,2,0,2,8,1,2,2,1,0,1,0,0,2
104,0,0,2,0,2,6,2,2,2,1,0,0,1,0,2
104,1,0,2,1,2,10,1,2,2,1,3,1,0,1,3
104,2,1,2,0,2,10,1,2,2,1,3,1,0,1,3
105,0,0,2,1,1,0,2,2,0,1,2,1,1,1,2
105,1,0,2,1,2,0,2,2,2,1,2,0,0,1,1
105,0,1,2,0,2,0,1,2,2,1,2,0,1,0,0
105,1,0,2,1,2,4,2,2,2,1,2,1,0,1,2
105,0,0,2,1,2,0,2,2,2,1,2,1,1,1,2
105,0,0,2,1,1,8,2,2,2,1,2,0,1,0,2
105,0,1,2,1,1,3,1,2,2,1,1,0,1,1,2
105,0,1,2,0,1,0,0,2,2,1,2,0,0,0,0
105,0,0,2,0,2,9,2,2,2,1,2,1,0,0,0
105,1,0,2,1,2,8,2,2,2,1,2,0,0,0,0
105,0,1,2,1,2,8,2,2,2,1,2,0,0,1,2
105,0,0,2,1,1,10,2,2,2,1,2,0,0,1,0
105,0,0,0,1,1,10,2,2,2,1,0,0,1,1,2
105,0,1,2,1,1,0,2,2,2,1,1,0,1,1,2
105,0,1,2,1,2,7,2,2,2,0,0,0,1,1,2
105,0,0,2,1,2,4,1,2,0,1,3,1,0,1,2
104,0,1,2,1,2,8,1,2,2,1,1,0,1,1,2
105,0,1,2,1,2,2,2,2,2,1,0,0,0,0,2
105,0,1,2,0,2,0,0,2,2,0,2,0,1,0,2
105,1,0,2,1,2,3,2,2,2,1,2,1,0,1,0
105,0,1,2,0,2,4,1,2,2,1,0,0,1,0,0
105,0,0,2,1,1,2,2,2,0,1,2,1,1,1,3
104,0,1,2,0,2,0,2,2,2,1,2,0,0,1,3
105,0,1,2,1,1,0,2,2,2,1,0,0,0,0,2
105,1,0,2,1,2,0,0,2,0,1,2,1,0,1,0
105,0,0,2,1,1,2,2,2,2,1,2,1,1,1,1
104,1,1,2,0,1,10,0,2,0,1,3,1,1,0,2
105,1,0,2,1,1,0,2,2,2,1,3,1,1,1,2
105,0,1,2,0,1,0,0,2,0,1,3,0,0,0,2
104,0,1,2,1,2,4,1,2,2,1,2,0,1,1,2
105,0,0,2,1,2,2,2,2,2,1,2,1,0,1,2
105,0,0,2,1,1,4,2,2,2,1,2,1,1,1,2
105,1,0,2,1,1,7,2,2,2,0,3,1,1,1,1
105,0,1,2,1,2,7,0,2,0,1,3,1,0,0,2
105,1,0,2,1,1,6,2,2,2,1,2,1,1,0,2
105,1,0,0,1,2,9,2,2,0,1,1,0,0,1,2
104,0,1,2,0,2,8,2,2,2,1,2,0,0,0,1
105,0,1,2,1,2,2,2,2,2,1,3,1,1,0,0
104,0,1,2,1,2,7,2,2,2,0,0,0,1,0,1
105,1,0,2,1,2,10,2,2,2,1,2,1,1,1,2
105,0,0,2,0,1,4,0,2,2,1,2,0,0,0,2
105,1,0,2,0,2,0,2,2,2,1,2,1,1,0,0
105,0,0,2,1,2,5,2,2,2,1,2,1,1,1,2
105,0,1,2,0,2,8,2,2,2,1,0,0,1,0,2
104,0,0,2,0,2,8,1,2,2,1,0,0,1,1,2
105,0,1,2,0,1,3,2,2,2,1,0,0,0,0,2
105,0,0,2,1,1,9,2,2,2,1,2,1,0,1,2
105,0,0,2,1,1,4,2,2,2,1,2,0,0,1,2
105,0,0,2,1,1,4,2,2,2,1,2,0,1,1,2
105,1,0,2,0,1,5,2,2,2,1,2,1,1,0,2
105,0,1,2,0,1,6,2,2,2,0,0,0,1,0,0
105,1,1,2,1,1,8,1,2,0,1,0,0,1,0,2
105,0,0,2,1,2,4,2,2,2,1,2,1,1,1,1
105,0,0,2,1,2,0,2,2,2,1,2,1,1,1,1
105,0,0,0,1,1,0,2,2,1,1,2,1,0,1,2
105,0,0,2,1,2,9,2,2,2,1,2,0,1,1,2
105,0,0,2,1,2,0,2,2,0,1,0,0,1,1,2
105,0,1,2,1,2,8,1,2,2,1,2,0,1,0,3
105,0,0,2,0,2,0,0,2,0,1,2,0,1,0,1
105,0,1,2,1,2,7,2,2,2,0,0,0,0,0,2
105,0,0,0,1,2,0,2,2,2,1,0,1,0,1,2
105,1,1,0,1,2,11,2,2,2,1,2,1,1,1,2
105,0,0,2,1,1,8,2,2,2,1,2,0,1,1,2
105,0,0,2,1,2,2,2,2,2,1,2,1,0,1,2
105,2,1,2,0,2,2,2,2,1,1,0,1,1,0,0
105,0,0,2,1,1,7,1,2,1,1,2,1,0,0,3
105,0,1,0,0,2,0,2,2,2,1,0,0,0,0,2
105,0,1,2,1,2,2,2,2,2,1,2,1,0,1,2
104,1,1,2,1,2,0,2,2,1,1,2,0,0,0,2
105,0,0,2,1,2,6,2,2,0,1,1,1,0,1,2
105,0,1,2,0,1,0,2,2,2,1,0,0,0,0,2
105,0,0,2,1,2,0,2,2,1,1,3,0,0,1,1
105,1,0,0,0,2,1,0,2,1,1,2,1,0,1,2
105,0,0,2,1,2,8,2,2,2,1,2,0,1,1,2
105,0,0,2,0,1,6,2,2,2,1,2,1,1,1,1
105,0,0,0,0,1,6,2,2,2,1,2,1,0,0,2
105,0,0,2,1,1,7,1,2,1,1,2,1,0,1,2
104,0,1,2,1,2,8,1,2,2,1,1,1,0,0,2
105,0,0,2,0,2,4,2,2,2,1,2,0,0,1,2
105,0,0,0,0,2,0,2,2,2,1,0,1,1,1,3
104,0,1,2,1,1,4,2,2,2,1,0,0,1,0,2
105,0,0,2,0,2,8,2,2,2,1,2,1,0,1,2
104,0,1,2,1,2,8,1,2,2,1,2,0,0,0,2
105,0,0,2,0,2,0,0,2,2,1,3,1,1,0,2
105,0,1,0,0,2,3,1,2,0,1,2,0,1,0,2
105,0,0,2,1,1,8,2,2,2,1,2,1,1,1,2
105,0,0,2,1,1,3,2,2,0,1,2,0,1,1,2
105,2,1,2,0,1,8,2,2,2,1,1,0,1,0,2
105,0,0,2,1,1,8,2,2,2,1,2,1,1,0,2
105,0,0,0,0,1,10,2,2,2,1,1,0,1,1,2
105,0,1,2,1,2,0,2,2,2,1,2,0,1,1,3
105,0,1,2,1,2,0,2,2,2,1,2,0,1,1,3
105,0,0,2,1,2,4,2,2,2,1,2,1,1,1,3
105,0,0,2,1,2,8,1,2,2,1,2,0,0,1,2
105,0,0,2,1,0,8,1,2,2,1,2,0,0,1,2
105,0,1,2,0,2,0,1,2,2,1,0,0,1,0,2
105,0,0,2,1,2,8,1,2,0,1,2,1,1,1,2
105,0,0,2,1,2,5,1,2,2,1,2,1,0,1,0
105,0,1,2,0,2,0,2,2,1,1,2,1,0,0,2
105,0,0,2,0,1,8,2,2,0,1,2,1,0,0,1
105,0,0,2,1,2,8,2,2,1,1,2,1,0,1,2
105,1,0,2,1,1,2,2,2,2,1,0,0,1,0,1
105,0,0,2,1,2,6,2,2,0,1,2,1,0,1,2
105,0,0,2,1,1,6,2,2,2,1,2,0,0,1,2
105,1,1,0,1,2,8,0,2,1,1,2,0,0,1,3
105,0,0,2,1,1,2,0,2,0,1,2,0,1,1,1
105,0,1,2,0,1,8,2,2,2,1,0,0,0,0,3
105,0,0,2,1,2,8,1,2,2,1,2,1,0,1,0
105,1,0,0,1,1,4,0,2,2,1,0,0,1,1,0
105,0,0,2,0,1,9,2,2,2,1,2,0,0,0,2
105,0,0,2,0,2,0,2,2,2,1,0,0,0,0,0
105,0,0,2,0,2,10,1,2,0,1,2,1,0,0,2
105,0,0,2,1,2,0,2,2,2,1,2,1,0,1,0
105,0,0,2,0,2,0,2,2,2,1,2,0,0,0,0
105,0,0,2,0,2,8,2,2,2,1,0,0,0,0,2
105,0,1,2,0,2,7,2,2,2,1,2,0,0,0,2
105,0,0,2,1,1,7,2,2,2,0,2,1,0,1,3
105,0,1,2,1,1,11,0,2,2,1,2,1,0,1,2
105,0,1,2,0,1,4,1,2,2,0,3,0,0,0,2
105,1,1,2,0,2,7,2,2,2,0,2,0,1,0,2
105,0,0,2,1,2,2,2,2,2,1,2,1,1,0,0
105,0,1,2,0,1,8,2,2,2,1,0,0,0,1,2
105,0,1,2,1,1,0,2,2,2,1,0,0,0,1,2
104,0,1,2,1,2,4,1,2,2,1,1,0,0,0,2
105,0,0,2,1,2,8,1,2,2,1,2,1,1,1,1
105,0,0,2,0,2,8,1,2,0,1,2,1,0,0,2
104,0,1,2,1,2,8,1,2,2,1,3,0,1,0,3
105,0,0,0,0,1,10,0,2,2,1,2,1,0,0,2
105,0,0,2,0,1,8,2,2,2,1,2,1,1,0,2
105,1,1,2,0,2,0,1,2,0,1,3,1,0,1,2
105,0,0,2,0,2,8,2,2,2,1,2,1,1,0,2
105,1,0,0,1,1,8,2,2,0,1,0,0,0,1,2
105,0,0,2,1,2,0,2,2,2,1,0,0,1,1,0
105,0,0,2,1,2,0,0,2,2,1,2,0,1,1,3
105,0,0,2,1,2,6,2,2,2,1,2,0,0,0,0
105,0,1,2,0,2,2,1,2,2,1,2,0,1,0,2
105,0,1,2,1,2,7,2,2,2,1,1,0,1,1,2
105,0,1,2,0,2,0,2,2,2,1,2,0,0,0,3
105,0,0,2,1,1,6,1,2,2,1,2,0,0,1,1
105,0,1,2,0,2,10,2,2,0,1,1,0,0,0,2
105,0,1,2,1,2,6,0,2,2,0,2,1,0,0,0
105,0,0,2,1,1,0,1,2,0,1,2,1,0,1,0
105,0,0,2,1,1,8,2,2,2,1,2,0,1,1,2
105,0,0,2,1,2,8,2,2,2,1,2,1,1,1,1
105,0,1,2,1,2,0,2,2,2,1,2,1,0,1,2
106,2,1,2,1,2,7,2,2,2,0,3,1,1,1,1
106,1,0,2,1,2,6,2,2,2,1,3,0,0,1,3
105,2,1,2,1,2,7,2,2,0,0,2,0,1,1,2
105,1,1,2,1,1,0,1,2,2,0,3,1,1,1,2
105,1,0,2,1,2,4,2,1,2,1,2,0,1,1,2
105,0,0,2,1,2,3,1,2,2,1,2,1,0,0,2
105,0,1,2,0,2,0,1,2,0,1,1,0,1,1,2
105,0,0,2,1,2,2,2,2,2,1,2,1,0,1,3
106,1,0,2,0,2,0,0,2,2,1,2,1,1,0,3
106,1,0,2,1,1,6,2,2,2,1,2,0,0,1,0
105,1,1,2,0,2,0,2,2,1,1,0,0,0,0,2
106,0,0,2,1,2,10,2,2,0,1,2,1,1,1,2
106,0,0,2,0,2,0,2,2,2,1,2,1,1,1,2
105,1,1,2,0,1,8,2,2,2,1,0,0,1,0,2
106,1,0,0,1,1,8,2,2,2,1,2,1,1,1,2
106,1,0,2,1,2,4,0,2,0,1,2,1,0,1,3
105,0,0,2,0,2,2,2,2,2,1,2,1,1,0,2
105,1,1,2,1,2,0,2,2,0,1,0,0,1,1,2
105,0,1,2,1,1,8,1,2,2,1,0,0,0,1,2
105,0,0,0,1,2,8,2,2,2,1,2,0,0,1,2
105,0,1,2,0,1,0,2,2,2,1,2,0,0,0,1
106,0,0,2,0,2,8,2,2,0,1,0,1,0,1,1
105,1,1,2,1,2,0,2,2,2,1,2,0,0,0,2
106,1,0,2,1,1,4,0,2,0,1,3,1,1,1,0
105,0,1,2,1,1,0,1,2,2,1,0,0,0,1,2
105,0,1,0,0,1,0,2,2,2,0,3,0,0,1,2
105,0,1,2,0,1,4,2,2,2,1,2,1,1,1,2
106,0,0,0,1,2,10,0,2,0,1,2,1,0,1,2
107,0,0,2,0,1,4,1,2,0,1,2,1,0,1,2
105,0,1,0,1,2,8,0,2,2,1,1,0,1,0,2
105,0,1,0,1,1,0,2,2,2,1,2,0,0,1,1
105,0,0,2,0,1,8,2,2,2,1,2,0,0,1,2
105,0,1,2,0,1,8,2,2,2,1,0,0,1,0,2
105,0,0,2,1,1,6,2,2,0,1,2,1,0,1,2
106,0,0,0,0,2,8,2,2,2,1,2,1,0,1,2
106,0,0,2,0,1,4,0,2,2,1,2,0,0,0,2
105,0,0,2,0,2,10,0,2,0,1,2,0,0,1,2
105,0,0,2,1,2,6,2,2,2,1,2,1,1,1,2
106,0,0,2,1,2,9,2,2,2,1,2,0,0,1,0
106,1,0,2,1,2,8,2,2,2,1,2,1,0,0,1
105,1,0,2,0,2,7,0,2,0,0,3,0,1,0,0
106,0,0,2,1,1,0,2,2,2,1,2,0,1,1,2
106,0,0,2,1,2,8,2,2,2,1,2,0,1,1,2
106,0,0,2,0,2,10,2,2,0,1,2,1,0,1,2
106,0,1,2,1,1,8,0,2,0,1,2,1,0,1,2
106,0,0,2,0,1,8,0,2,2,1,2,1,0,0,2
105,0,1,2,1,2,4,0,2,1,1,2,0,1,0,3
106,1,0,2,1,1,7,2,2,0,0,2,1,1,1,2
106,0,1,2,1,1,8,1,2,0,1,2,0,0,1,2
106,0,1,2,1,1,0,2,2,1,1,2,0,0,0,2
106,0,0,2,0,2,6,2,2,2,1,2,1,1,1,2
106,0,0,2,1,1,0,2,2,2,1,2,0,0,0,2
105,0,1,2,0,2,0,2,2,2,1,3,0,0,0,0
105,0,1,2,1,2,8,2,2,2,1,2,0,1,1,2
106,0,0,0,1,2,8,0,2,2,1,2,0,1,1,2
106,0,1,2,0,2,0,1,2,1,1,2,0,1,0,3
106,0,0,2,1,2,8,1,2,2,1,2,1,0,1,2
105,0,1,0,1,2,8,1,2,0,1,2,0,1,0,2
106,0,0,2,1,2,10,2,2,2,1,2,1,0,1,2
106,0,0,0,1,1,8,2,2,2,1,0,1,0,1,3
106,0,1,0,1,2,0,2,2,2,1,2,1,1,0,2
105,0,1,2,1,2,8,2,2,2,1,0,0,0,1,2
106,0,1,2,0,1,0,0,2,0,1,2,0,1,0,2
106,0,0,0,1,2,0,2,2,2,1,2,1,1,1,2
106,0,0,2,1,2,4,2,2,2,1,3,1,1,1,2
106,0,1,2,0,2,0,2,2,2,1,3,0,1,0,3
106,0,1,2,1,2,8,1,2,2,1,0,0,1,0,3
106,0,1,2,0,2,0,2,2,2,1,1,0,1,0,2
106,0,0,2,0,2,8,0,2,0,1,2,1,0,0,1
106,0,0,2,1,2,8,2,2,2,1,3,1,1,1,3
105,0,1,2,1,2,8,2,2,2,1,2,1,1,0,2
106,0,0,2,1,1,8,0,2,2,1,3,1,1,1,2
106,0,1,0,1,1,0,1,2,2,1,0,0,1,1,2
106,0,1,2,0,1,8,2,2,2,1,3,1,0,1,2
105,1,1,2,1,2,2,1,2,2,1,2,0,0,0,3
105,0,1,2,0,1,10,2,2,0,1,1,0,0,0,0
106,0,0,2,1,2,6,0,2,2,1,2,0,1,1,2
106,0,0,2,1,1,8,2,2,2,1,2,1,0,1,2
106,1,0,2,0,1,0,2,2,2,1,2,0,0,1,2
106,1,0,2,1,1,4,0,2,0,1,2,1,1,0,2
106,0,0,2,0,1,8,2,2,2,1,2,0,1,0,2
106,0,1,2,1,2,4,2,2,0,1,2,1,1,1,3
105,1,1,2,0,2,0,0,2,2,1,0,0,1,1,2
105,0,0,2,1,2,0,2,2,2,0,2,1,1,1,2
106,0,0,2,1,2,0,2,2,1,1,2,0,0,1,2
105,1,1,0,1,1,0,1,2,2,1,2,1,0,1,2
105,0,1,2,1,2,8,1,2,2,1,2,0,0,0,0
106,2,0,2,0,2,8,2,2,2,1,2,1,1,0,2
106,1,0,2,1,2,4,2,2,2,1,2,1,1,0,1
106,1,0,2,1,1,10,1,2,0,1,2,1,1,1,2
106,0,0,2,1,1,6,1,2,2,1,2,0,1,1,2
106,0,0,2,0,1,8,2,2,2,1,2,0,1,0,2
106,2,0,2,0,2,0,0,2,2,1,2,1,0,0,1
106,0,1,2,1,1,3,2,2,2,1,3,1,0,1,2
91,0,0,2,0,2,8,2,2,2,1,0,0,0,0,0
89,0,1,2,0,2,8,2,2,2,1,2,0,0,0,2
91,1,1,2,0,2,8,2,2,2,1,0,0,0,0,3
93,0,0,2,1,1,8,2,2,2,1,3,1,0,1,2
92,1,1,2,0,2,8,1,2,2,1,0,0,0,0,2
93,1,1,2,0,2,0,2,2,2,1,3,0,1,0,0
92,0,1,2,1,2,8,2,2,2,1,0,0,1,0,3
93,0,0,2,0,2,2,2,2,2,1,2,0,0,0,1
93,0,0,2,0,2,8,2,2,2,1,3,0,1,1,3
92,0,0,2,0,2,7,2,2,2,1,2,0,0,0,2
88,0,1,2,0,2,10,2,2,2,1,0,0,0,1,3
91,0,1,2,0,2,0,2,2,2,1,0,0,0,1,3
93,0,1,0,0,2,0,2,2,2,1,2,1,1,0,2
93,0,1,2,0,2,0,2,2,2,1,3,1,0,1,2
93,1,0,2,0,2,0,2,2,2,1,2,0,0,1,2
93,0,0,2,1,2,0,2,2,2,1,0,0,0,0,0
92,2,1,2,1,2,0,2,2,0,1,3,0,0,0,3
88,0,1,2,1,2,6,2,2,2,1,2,0,0,1,3
88,0,0,2,0,2,2,2,2,2,1,3,1,1,1,3
92,0,0,2,0,2,8,2,2,2,1,2,0,0,0,2
92,0,1,0,0,2,8,2,2,2,1,3,1,0,0,2
92,0,1,2,0,2,2,2,2,2,1,1,0,1,1,2
93,0,0,2,0,2,1,2,2,2,1,1,0,1,0,3
93,1,0,2,0,2,0,2,2,2,1,2,0,1,1,2
106,0,1,2,0,2,6,2,2,1,1,0,0,0,0,2
106,0,1,2,1,2,0,2,2,2,1,2,0,0,1,2
106,0,1,2,1,1,0,1,2,0,1,2,1,0,1,2
106,0,1,2,0,2,8,1,2,2,1,2,0,1,0,1
106,0,1,2,1,1,8,1,2,2,1,0,0,0,1,3
106,0,0,2,0,2,8,2,2,2,1,2,1,0,0,2
106,1,1,2,1,1,7,1,2,2,0,2,0,1,1,2
106,0,0,2,1,2,3,0,2,2,1,2,1,0,1,1
106,0,0,2,1,1,6,2,2,2,1,2,0,1,1,2
106,0,0,2,0,2,10,0,2,2,1,2,0,0,0,2
106,0,0,2,1,1,11,2,2,2,1,2,1,0,1,2
106,0,1,2,0,1,0,2,2,0,1,0,0,0,0,2
106,0,0,0,1,2,8,2,1,2,1,2,1,1,1,0
106,0,1,2,0,1,8,2,2,2,1,1,0,0,0,2
106,0,1,0,1,2,4,2,2,2,1,2,1,0,1,0
106,0,1,2,1,1,0,0,2,2,1,2,0,1,1,2
106,0,1,2,1,2,2,2,2,2,1,3,1,1,1,2
105,0,1,2,1,2,8,0,2,2,1,0,0,0,1,2
105,0,1,2,1,2,8,0,2,2,1,0,0,0,1,2
106,1,0,1,1,1,8,1,2,2,1,3,1,1,1,1
106,0,1,0,1,1,9,2,2,0,1,0,0,0,1,2
106,0,0,2,0,2,4,0,2,0,1,0,0,1,0,2
106,0,1,2,0,1,0,2,2,2,1,3,0,0,0,2
106,0,1,2,1,2,0,2,2,0,1,1,0,1,0,2
106,0,0,2,1,1,4,1,2,2,1,2,0,1,0,2
106,0,0,2,0,2,0,0,2,0,1,3,1,1,0,2
105,1,1,0,0,2,10,2,2,0,1,2,0,0,0,3
105,1,1,0,0,2,10,2,2,0,1,2,0,0,0,3
106,0,0,0,1,1,4,2,2,0,1,2,0,1,1,3
106,0,0,2,0,2,0,2,2,2,1,2,1,1,1,2
106,0,0,0,1,1,10,2,2,2,1,0,1,0,1,2
106,1,0,2,1,2,9,1,2,2,1,2,1,0,1,2
106,0,1,2,1,1,0,2,2,2,1,0,0,1,1,3
106,2,1,2,1,2,8,2,2,2,1,2,1,1,1,3
106,0,0,2,1,1,9,2,2,2,1,2,1,0,1,1
106,0,0,2,1,1,8,0,2,2,1,2,0,0,1,3
106,0,1,2,1,2,6,1,2,2,1,2,1,0,1,2
106,1,0,2,1,1,8,1,2,2,1,3,1,0,1,2
106,0,1,2,0,1,10,1,2,2,1,0,0,0,0,2
106,0,0,2,0,1,10,1,2,2,1,2,1,0,0,2
105,1,0,2,0,2,4,2,2,1,1,3,0,1,0,2
106,1,0,2,1,1,8,2,2,2,1,3,1,1,1,2
106,0,1,2,1,2,4,0,2,2,1,0,1,0,1,3
105,0,1,2,1,1,4,1,2,2,1,2,0,0,0,2
106,0,0,2,1,1,8,2,2,2,1,2,0,0,1,2
106,0,1,2,0,1,0,2,2,2,1,0,0,1,0,2
106,0,0,2,0,2,4,2,2,2,1,2,1,0,0,0
106,0,0,2,1,1,10,2,2,2,1,3,1,1,1,2
106,1,0,2,1,2,9,0,2,2,1,2,0,1,1,2
106,1,1,2,0,1,8,1,2,2,1,2,0,0,0,2
106,1,1,2,1,2,0,0,2,2,1,2,0,1,1,2
106,0,1,2,1,2,8,2,2,2,1,3,0,1,0,1
105,0,1,2,0,1,8,0,2,2,1,3,0,1,0,3
106,0,0,2,1,2,8,2,2,2,1,2,0,1,1,0
106,0,0,2,1,2,10,2,2,2,1,2,1,0,0,2
106,1,0,2,0,1,8,1,2,1,1,1,0,0,0,2
106,0,1,2,0,2,4,2,2,0,1,2,1,1,1,3
105,0,1,2,0,1,4,2,2,2,1,1,0,0,0,2
105,0,1,2,0,1,4,2,2,2,1,1,0,0,0,2
106,0,1,0,1,2,0,2,2,2,1,3,0,1,0,3
105,1,1,2,1,1,7,2,2,2,1,0,0,0,0,3
106,1,0,2,1,2,7,2,2,2,1,3,0,1,1,2
106,0,1,2,1,2,0,2,2,2,1,1,0,1,0,2
105,0,1,0,0,2,8,2,2,2,1,1,0,1,0,2
106,0,0,2,1,1,10,2,2,2,1,2,0,1,1,0
106,0,0,2,1,2,6,2,2,2,1,0,1,0,1,0
104,0,1,0,1,2,8,2,2,2,1,1,0,1,1,2
106,0,1,0,1,1,8,2,2,0,1,0,0,0,1,2
106,0,0,2,1,1,6,1,2,2,1,0,1,0,1,2
106,1,1,2,1,2,6,1,2,1,1,2,0,1,1,2
106,0,0,2,1,1,8,1,2,2,1,3,1,1,1,2
106,0,0,2,1,1,2,2,2,2,1,2,0,0,1,2
106,0,0,2,1,2,8,0,2,0,1,2,1,1,1,2
105,0,1,2,0,2,9,0,2,2,1,2,0,1,0,2
106,0,0,2,1,2,8,0,2,2,1,0,1,0,1,2
106,0,1,2,0,2,7,0,2,2,1,0,0,1,1,2
105,1,1,2,1,1,8,2,2,2,1,0,0,1,0,3
106,1,0,2,0,2,0,2,2,1,1,3,0,1,1,2
106,0,0,2,1,2,0,1,0,2,1,0,1,1,1,2
106,0,1,2,1,1,0,2,2,2,0,0,0,1,1,2
106,0,0,0,0,2,8,2,2,2,1,2,1,1,0,2
106,0,0,2,1,1,8,2,2,2,1,2,0,0,1,2
106,0,0,0,0,2,4,2,2,1,1,2,1,1,0,1
106,0,0,0,0,1,7,2,2,0,1,2,0,1,1,2
106,0,1,2,0,2,6,0,2,2,1,0,0,1,0,2
106,0,1,2,0,2,9,2,2,2,1,2,0,0,0,0
106,1,0,0,1,2,8,0,2,0,1,2,1,0,1,3
106,2,1,2,1,2,9,0,2,2,0,3,0,1,1,2
106,0,1,2,0,2,8,2,2,0,1,1,0,0,1,1
106,1,1,0,1,2,0,2,2,2,1,2,1,1,1,3
106,1,1,2,1,2,8,2,2,2,1,2,1,0,0,1
106,1,1,2,1,1,8,2,2,0,1,2,0,0,1,2
106,1,1,2,1,1,8,2,2,2,1,0,0,1,1,2
106,0,1,2,1,2,8,0,2,2,1,1,0,0,1,3
106,0,0,2,1,1,8,1,2,1,1,2,1,1,1,2
106,0,1,2,0,2,9,2,0,1,1,0,0,1,1,3
106,0,0,2,1,1,3,1,2,2,1,2,1,0,0,3
106,0,1,2,1,2,0,2,2,2,1,2,0,0,1,2
106,0,1,2,1,0,0,1,2,2,1,2,0,0,0,2
106,0,0,2,1,1,10,2,2,2,1,2,0,0,1,1
106,0,1,2,0,1,8,2,2,2,1,2,0,0,0,0
106,0,1,2,0,1,8,2,2,2,1,2,0,0,0,0
106,0,0,2,0,1,8,2,2,1,1,2,1,1,1,2
106,0,1,2,0,2,0,2,2,1,1,2,0,1,0,2
106,1,0,2,0,1,8,2,2,0,1,2,0,0,1,3
106,0,1,2,1,1,8,1,2,2,0,1,0,1,0,2
106,0,1,2,0,1,0,2,2,2,1,2,0,0,0,2
106,0,1,0,1,1,8,2,2,1,1,2,0,0,0,2
106,0,0,2,1,2,4,2,2,2,1,2,0,0,1,2
106,0,1,2,0,2,4,2,2,2,1,2,1,0,1,2
106,0,0,2,1,2,0,2,2,1,1,2,1,0,1,2
106,0,1,2,1,2,7,2,2,0,0,3,0,1,1,0
106,1,1,2,1,2,10,1,2,2,1,2,0,0,1,2
107,0,0,2,1,2,0,2,2,2,1,2,0,1,1,2
107,1,0,2,1,1,0,2,2,2,1,3,1,0,1,2
107,0,0,2,1,2,4,2,2,2,1,2,1,1,1,2
106,0,1,2,0,1,7,2,2,2,1,2,0,1,0,2
106,0,1,2,1,2,0,1,2,2,1,3,0,1,1,2
107,1,0,2,1,1,0,0,2,1,1,0,0,1,1,1
106,0,1,2,1,2,8,1,2,2,1,1,0,1,1,2
107,0,0,2,1,2,0,2,2,2,1,0,0,1,1,3
107,0,0,1,1,2,4,0,2,2,1,2,1,1,1,2
107,0,0,2,1,2,8,1,2,1,1,2,1,1,1,2
106,0,1,2,0,1,0,0,2,1,1,0,0,0,1,2
106,0,0,0,0,2,8,2,2,2,1,0,0,0,0,2
106,1,1,2,1,1,8,2,2,2,1,0,0,1,0,2
106,1,1,2,1,1,0,1,2,0,1,2,0,1,0,0
107,0,0,2,0,1,6,2,2,2,1,2,0,1,0,2
107,0,1,2,1,2,8,2,2,2,1,2,1,1,1,2
107,0,0,2,1,1,10,1,2,0,1,2,1,0,1,2
107,0,0,2,1,1,3,1,2,0,1,2,1,0,1,2
106,0,1,2,0,2,8,2,2,2,1,2,0,0,0,0
106,0,1,2,0,2,4,1,2,0,0,0,0,1,0,2
106,0,1,2,1,2,12,1,2,0,1,0,0,1,1,3
106,0,1,2,0,2,8,1,2,1,1,0,0,0,0,3
106,0,0,2,0,2,4,2,2,0,1,2,1,0,0,0
106,0,0,2,1,2,4,2,2,0,1,2,1,0,1,2
106,0,1,2,0,1,4,0,2,1,1,2,0,1,0,0
106,0,1,2,1,2,0,2,2,0,1,0,0,0,0,2
106,0,1,2,0,2,6,2,2,0,1,0,0,1,1,2
107,0,0,0,1,1,0,2,2,2,1,2,1,0,1,3
106,1,0,2,0,1,8,2,2,2,1,0,0,0,0,2
107,0,0,2,1,1,0,1,2,2,0,2,1,1,1,2
106,0,0,0,1,1,0,2,2,2,1,0,1,1,1,3
106,0,1,2,1,2,8,2,2,2,1,3,0,1,1,2
106,1,1,2,1,2,0,1,2,0,1,0,0,1,1,2
107,0,0,2,1,1,0,2,2,2,1,2,1,1,1,0
106,0,1,2,0,2,3,1,2,0,1,0,0,0,1,2
107,0,0,2,1,2,8,0,2,1,1,2,1,1,1,0
107,2,0,0,0,1,0,2,2,2,1,2,1,1,1,2
106,0,1,2,0,2,8,1,2,2,1,2,0,1,0,2
106,1,0,0,0,1,8,2,2,0,1,3,1,0,1,0
105,0,1,2,0,2,0,0,2,2,1,2,0,1,0,2
106,0,0,2,1,2,6,1,2,2,1,1,0,1,1,2
106,1,1,2,0,2,8,2,2,2,1,1,0,0,0,2
106,0,1,2,1,1,8,2,2,2,1,3,0,1,0,2
106,1,1,0,1,2,0,2,2,2,1,0,0,1,1,2
106,0,0,2,0,2,8,0,2,0,1,0,0,0,0,1
106,0,1,2,1,2,8,0,2,0,1,0,1,1,0,2
106,0,1,0,0,1,0,1,2,2,1,2,1,0,1,2
106,1,0,2,1,2,9,2,2,2,1,0,0,1,1,2
106,1,0,2,1,2,0,0,2,2,1,2,1,0,0,3
107,1,1,2,1,2,3,0,2,2,1,2,1,0,1,2
106,0,1,2,1,2,10,1,2,0,1,3,0,0,1,2
106,0,0,2,0,1,6,2,2,2,0,2,0,1,0,2
107,1,0,2,1,2,8,2,2,1,1,1,0,1,1,2
106,1,1,2,1,1,8,2,2,2,1,0,0,1,1,3
106,0,1,2,1,2,4,2,2,2,1,2,0,1,1,2
107,1,0,0,1,2,10,1,2,2,1,2,0,0,1,3
106,0,1,2,1,1,8,2,2,2,1,2,0,1,0,2
107,0,0,2,1,1,10,2,2,2,1,2,1,0,1,2
107,1,1,2,1,1,0,1,2,2,1,2,0,0,1,0
106,0,1,2,1,1,6,2,2,0,1,0,0,0,0,1
107,0,0,0,1,1,0,2,2,2,1,2,0,0,1,2
107,2,0,0,1,2,7,0,2,2,0,0,0,1,0,2
107,0,0,2,0,1,8,2,2,0,1,2,1,0,1,3
106,0,0,2,1,1,10,2,2,2,1,2,1,0,1,0
106,0,0,2,1,2,9,2,2,2,1,2,1,0,0,1
105,0,1,2,0,1,6,2,2,0,1,0,0,1,1,2
107,0,0,2,1,2,6,0,2,2,1,2,1,1,0,3
106,0,1,0,0,2,6,2,2,2,1,2,1,1,1,2
106,0,1,2,1,2,6,0,2,0,0,0,0,1,0,2
107,0,1,2,1,1,7,1,2,2,0,2,0,0,1,2
107,1,1,2,0,2,0,1,2,2,1,3,0,1,0,2
105,0,1,2,1,2,8,2,2,2,1,2,1,0,0,2
107,0,0,2,1,2,2,2,2,2,1,2,0,0,1,0
106,1,1,0,1,2,0,2,2,0,1,0,0,1,1,2
107,0,0,2,1,1,4,2,2,1,1,2,1,0,1,1
107,0,1,2,0,1,0,2,2,2,1,2,1,0,0,0
106,1,1,2,0,2,3,2,2,2,1,2,0,1,1,3
107,0,0,2,0,1,8,2,2,2,1,2,1,0,1,0
107,0,0,2,1,1,8,2,2,2,1,2,1,1,1,2
106,0,1,2,1,1,4,2,2,2,1,0,0,1,0,2
107,0,0,0,1,2,4,1,2,2,1,0,1,0,1,2
107,1,0,2,1,2,10,0,2,2,1,2,0,0,1,2
106,1,1,2,1,1,0,0,2,2,1,2,0,0,1,2
107,0,0,2,0,1,10,2,2,2,1,0,1,0,0,0
106,0,0,2,1,2,4,2,2,0,1,2,1,1,1,3
106,0,1,2,0,2,0,2,2,2,1,3,1,0,1,0
106,0,1,2,1,1,0,1,2,2,1,1,0,1,1,2
107,1,0,2,1,1,10,2,2,2,1,0,0,1,1,2
107,0,1,2,1,2,0,1,2,2,1,0,0,1,1,2
106,1,0,2,0,1,8,1,2,1,1,2,1,0,1,2
107,0,0,2,1,1,8,2,2,2,1,3,1,1,0,0
107,0,0,2,1,2,4,1,2,0,1,2,1,1,1,2
107,2,0,2,0,2,6,2,2,2,1,2,1,0,1,1
107,1,0,2,1,2,0,0,2,1,1,2,1,0,1,2
105,0,1,2,1,2,0,2,2,2,1,3,0,1,0,2
107,0,0,2,1,2,0,0,2,0,1,1,0,0,1,2
107,0,0,2,0,2,0,0,2,2,1,0,0,0,0,2
106,0,1,2,0,2,0,2,2,0,1,2,0,0,0,0
107,0,0,2,1,2,8,2,2,2,1,2,1,0,1,2
107,0,1,2,1,2,6,2,2,0,1,2,0,0,1,2
106,0,0,2,0,1,8,1,2,2,1,0,0,1,1,3
107,0,0,2,0,2,8,2,2,2,1,2,1,0,0,0
107,1,0,2,1,1,8,1,2,1,1,2,1,0,1,2
107,0,1,2,0,1,6,2,2,2,1,2,1,0,0,1
107,0,0,2,1,2,8,2,2,2,1,2,1,0,1,2
106,0,1,2,0,2,8,2,2,2,1,0,0,1,0,3
107,0,0,2,1,1,8,2,2,2,0,2,1,1,1,2
107,0,0,0,0,2,7,2,2,0,1,2,1,1,1,2
107,0,1,2,1,2,7,2,2,2,1,2,1,0,1,3
107,0,1,2,1,2,7,2,2,2,0,2,0,0,1,2
107,0,0,2,1,1,0,0,2,2,1,2,1,0,1,0
106,0,0,2,1,2,0,2,2,1,1,2,1,1,0,2
106,0,1,2,1,1,10,2,2,1,1,3,0,1,0,2
107,0,0,2,1,2,8,0,2,0,1,2,1,1,1,2
107,1,0,2,0,2,9,2,2,2,1,3,1,0,0,0
107,0,1,2,1,2,4,2,2,0,1,2,1,0,0,2
106,2,1,2,1,2,6,1,0,0,1,2,0,0,0,2
107,0,0,2,1,1,7,2,2,2,1,2,0,0,1,1
107,0,1,2,1,2,4,2,2,2,1,0,0,0,1,2
107,0,1,2,1,2,4,2,2,2,1,0,0,1,1,2
107,0,0,2,0,1,9,2,2,2,1,2,0,0,0,0
107,0,0,2,1,1,0,2,2,2,1,2,1,1,1,2
107,0,0,2,1,1,6,0,2,0,1,2,1,0,1,2
107,1,1,2,1,2,9,2,2,2,1,2,0,0,0,1
107,0,0,2,0,1,0,2,2,2,1,2,0,0,1,2
107,0,0,2,1,1,0,2,2,2,1,0,1,1,1,2
107,0,1,2,0,1,9,1,2,2,1,3,0,0,1,3
106,0,1,2,0,1,8,2,2,2,1,1,0,0,0,2
107,0,0,2,1,2,8,2,2,2,1,2,0,0,1,2
107,0,0,2,1,2,4,2,2,2,1,2,1,1,1,2
107,0,0,0,0,1,0,2,2,2,1,2,1,0,1,0
107,0,0,2,0,2,4,0,2,0,1,2,1,0,0,2
107,0,0,2,0,2,4,1,2,2,1,2,1,0,0,0
107,0,0,2,1,2,8,2,2,2,1,2,0,0,1,1
107,0,1,2,0,1,8,0,2,2,1,2,0,0,0,2
106,0,1,2,1,1,9,1,2,0,1,3,1,1,1,1
107,0,0,2,1,1,8,2,2,2,1,1,0,0,1,2
107,0,0,2,1,2,6,2,2,2,1,2,1,0,1,0
107,1,0,2,1,2,7,2,2,2,1,2,1,0,1,3
107,0,0,2,1,1,10,1,2,2,1,3,1,0,1,2
107,0,0,2,1,2,6,2,2,1,1,3,1,1,1,2
107,0,1,2,1,1,6,1,2,2,1,0,0,1,0,1
107,0,0,2,1,1,2,2,2,2,1,0,1,0,1,1
107,0,0,2,1,1,10,2,2,2,1,0,1,1,1,0
107,0,0,2,1,2,0,2,2,0,1,2,0,0,1,0
107,0,1,2,0,2,8,1,2,2,1,0,0,0,0,2
107,1,1,2,1,1,0,2,2,0,1,2,1,1,1,2
107,0,0,2,1,2,0,1,2,1,1,2,1,0,1,2
107,1,0,2,1,1,6,0,2,0,1,2,1,1,1,2
106,0,1,2,1,2,0,2,2,2,1,0,0,0,0,3
107,1,0,2,1,1,8,1,2,2,1,2,1,0,1,1
107,0,0,2,0,2,0,2,1,2,1,2,1,1,1,2
107,0,1,2,0,1,8,0,2,2,1,2,1,1,1,2
107,0,0,2,1,2,7,2,2,1,1,2,1,0,1,1
107,1,1,2,0,2,8,1,2,2,1,3,0,0,0,2
107,0,0,2,1,2,4,2,2,2,1,2,1,0,1,2
107,0,0,2,1,1,8,2,2,2,1,2,0,0,1,3
107,2,1,2,1,1,8,0,2,2,1,0,0,1,1,2
107,0,1,2,1,1,6,1,2,2,1,3,0,0,1,2
106,0,1,2,1,1,0,2,2,2,1,0,0,1,0,2
107,0,1,2,0,2,2,2,2,2,1,3,0,1,0,2
107,0,1,0,1,2,0,2,2,0,1,2,0,0,1,2
107,0,1,2,1,2,8,1,2,2,1,2,0,1,1,2
107,0,0,2,0,2,0,2,2,2,1,2,1,1,1,2
107,1,0,2,1,1,8,2,2,2,1,2,1,0,1,2
107,0,1,2,0,2,8,1,2,0,1,3,0,0,0,0
107,0,1,2,1,2,0,2,2,2,1,2,1,1,1,2
107,1,0,0,1,2,6,2,2,2,1,2,1,0,1,2
107,0,1,2,0,2,0,1,2,1,1,2,0,1,0,2
107,0,1,2,1,2,0,0,2,2,1,0,0,1,1,2
107,0,0,2,1,2,8,2,2,2,1,2,0,0,0,2
107,0,1,2,0,2,8,2,2,2,1,2,0,0,0,2
107,1,0,2,1,1,7,1,2,2,1,0,0,1,1,2
107,0,0,2,0,1,7,2,2,2,1,2,0,0,0,1
107,1,0,2,1,2,8,0,2,0,1,2,1,1,1,2
107,0,0,2,1,2,6,1,2,2,1,2,1,0,1,2
107,0,0,2,1,1,8,1,2,2,1,2,1,0,1,0
107,0,0,1,1,1,7,2,2,2,0,2,1,1,1,3
107,0,1,2,1,1,8,2,2,2,1,0,0,1,0,1
106,0,1,2,0,2,4,2,2,0,1,3,0,1,1,3
107,0,0,2,0,1,6,2,2,2,1,3,0,0,0,1
107,0,1,2,1,1,6,1,2,2,0,1,0,0,0,1
107,0,1,2,1,2,8,1,2,1,1,1,0,1,0,3
107,1,0,2,1,1,4,2,2,2,1,3,1,1,1,2
107,1,1,2,1,1,0,2,2,2,1,0,0,1,0,3
107,0,0,2,1,1,6,2,2,2,1,2,0,0,1,2
106,0,1,2,0,1,6,1,2,2,1,3,0,1,0,2
107,0,1,2,1,2,6,0,2,2,1,0,0,1,1,2
107,0,1,2,1,2,0,1,2,2,1,2,0,0,1,2
107,0,0,2,0,2,8,0,2,0,1,2,1,0,0,2
107,0,1,2,1,2,4,1,2,2,1,0,0,1,0,2
107,0,0,2,1,2,0,2,2,2,1,2,0,1,1,2
107,0,0,2,0,1,0,2,2,2,1,3,0,1,1,0
107,0,0,2,1,1,6,2,2,0,1,3,0,1,1,2
107,1,0,2,1,2,0,2,2,2,1,0,0,1,0,2
107,0,1,2,1,2,7,2,2,2,1,3,0,0,1,2
107,1,1,2,1,2,0,0,2,0,1,1,0,0,0,2
107,0,1,2,1,2,4,1,2,0,1,2,0,1,1,2
106,0,1,2,1,1,0,2,2,2,0,2,0,1,1,2
107,0,0,2,1,2,8,2,2,0,1,2,1,1,1,2
107,0,1,2,1,1,10,1,2,1,1,2,0,0,1,1
107,0,1,2,1,2,0,0,2,0,1,1,0,0,1,2
107,0,0,2,1,1,0,2,2,2,1,3,1,0,1,2
107,0,1,2,1,2,0,2,2,2,1,0,0,0,0,2
107,0,1,2,0,2,0,1,2,0,1,2,1,1,0,2
107,0,1,2,0,2,4,1,2,2,1,0,0,0,0,2
107,1,1,2,0,2,0,2,2,2,1,3,0,0,1,1
107,0,1,2,0,1,0,2,2,2,1,2,0,0,1,2
107,0,0,2,0,2,1,0,2,2,1,2,1,1,1,2
107,0,0,2,1,1,8,1,2,1,1,2,0,0,1,2
108,2,1,2,1,2,6,1,2,2,0,2,1,0,1,2
108,1,0,2,1,1,8,2,2,2,1,0,0,0,1,2
108,0,0,2,0,1,8,2,2,0,1,2,1,0,0,2
107,1,0,1,0,1,6,0,2,0,1,3,1,1,0,1
108,0,0,2,1,2,2,2,2,0,1,2,1,1,1,0
107,0,1,2,0,2,8,2,2,0,1,2,0,1,0,1
107,1,1,2,1,2,0,1,2,0,1,2,0,1,1,0
108,0,0,2,1,1,6,0,2,2,1,2,1,0,0,0
108,0,0,2,1,1,7,1,2,2,0,2,0,1,1,2
107,0,0,2,0,2,1,1,2,2,1,3,1,0,0,2
108,1,0,2,0,2,3,2,2,2,1,2,0,0,0,0
108,0,0,0,1,2,0,0,2,0,1,0,0,0,1,2
107,0,1,2,1,2,8,2,2,2,1,0,0,0,1,2
108,0,0,2,1,1,4,2,2,2,1,3,0,1,1,2
107,0,1,2,1,1,8,1,2,2,1,0,0,1,0,1
108,0,0,2,1,1,8,2,2,0,1,2,0,1,1,2
107,1,1,2,1,2,8,2,2,2,1,3,1,0,1,2
108,0,0,2,1,2,8,1,2,2,1,2,1,0,1,2
107,1,1,2,1,1,8,1,2,2,1,2,0,1,1,3
107,0,0,2,1,1,8,2,2,2,1,3,1,1,1,2
107,0,1,2,1,2,10,2,2,2,1,2,0,1,1,3
107,0,1,2,1,2,8,2,2,2,1,2,1,0,1,2
107,0,1,2,1,1,4,2,2,2,0,2,0,1,0,2
107,0,1,2,1,2,0,2,2,2,1,0,1,1,1,2
107,0,0,2,0,2,0,2,2,2,1,3,1,0,0,1
107,0,0,2,0,2,8,2,2,2,1,2,0,0,1,2
107,0,1,2,1,1,2,2,2,2,1,0,0,1,1,2
108,0,0,2,0,2,8,1,2,1,1,2,1,0,1,2
107,0,0,2,1,2,4,2,2,1,1,2,1,1,1,2
107,0,1,2,0,2,8,0,2,2,1,2,1,1,0,2
107,0,1,2,0,2,6,2,2,0,1,2,0,1,0,2
108,0,0,2,1,2,8,2,2,0,1,2,1,0,1,2
108,0,0,2,1,1,4,1,2,2,1,2,1,1,1,2
108,0,1,2,1,1,8,0,2,2,1,2,1,1,0,1
107,1,0,0,1,1,0,2,2,2,1,2,1,0,0,2
107,0,1,0,1,2,8,0,2,2,1,1,0,0,0,2
106,1,1,2,1,2,8,0,2,2,0,0,0,0,0,2
108,0,0,2,1,1,5,2,2,2,1,3,0,0,1,0
108,0,0,2,0,1,7,1,2,2,0,2,1,1,0,1
108,0,0,2,0,1,6,2,2,2,1,0,0,0,1,2
93,0,0,2,0,2,1,2,2,2,1,1,0,0,1,2
93,0,1,2,1,2,8,2,2,2,1,0,0,1,1,2
93,0,0,2,1,1,6,2,2,2,1,2,0,0,1,2
93,1,0,2,0,2,8,2,2,2,1,2,1,0,1,2
88,0,1,2,0,2,8,2,2,2,1,0,0,0,0,2
88,0,1,2,0,2,8,2,2,2,1,0,0,0,1,3
93,0,1,2,0,1,4,2,2,2,1,0,0,1,0,2
92,0,1,2,0,2,8,2,2,2,1,0,0,0,0,3
93,1,0,2,0,1,6,2,2,2,1,0,0,1,0,2
93,0,1,0,0,2,8,2,2,2,1,2,0,0,0,3
93,0,0,2,0,2,8,2,2,2,1,1,0,0,0,2
93,1,0,2,0,2,8,2,2,2,1,2,0,0,0,2
89,0,1,2,0,2,8,2,2,2,1,0,0,1,0,2
92,0,1,2,0,2,8,1,2,0,1,1,0,1,0,3
93,0,0,2,0,2,0,2,2,2,1,0,0,1,0,2
94,0,0,2,0,2,7,2,2,2,0,0,0,1,0,2
89,1,1,2,0,2,9,2,2,2,1,2,0,0,0,1
94,0,1,2,0,2,4,0,2,2,1,2,1,0,1,3
94,0,1,2,0,1,0,1,2,2,1,3,1,1,1,1
94,0,0,2,0,2,8,2,2,2,1,0,0,1,0,2
94,0,0,2,1,2,4,0,2,2,1,0,0,1,1,2
94,0,1,0,0,2,6,2,2,2,1,1,0,0,1,3
94,1,0,2,0,2,8,2,2,2,1,2,0,0,0,2
89,0,1,2,0,2,0,2,2,2,1,1,0,1,1,2
94,1,0,2,0,1,0,2,2,2,1,2,1,0,0,0
93,0,0,2,1,2,0,1,2,0,1,2,0,1,1,3
94,1,1,2,0,2,10,2,2,2,1,2,0,1,0,2
107,0,0,2,0,1,8,1,2,0,1,0,0,1,0,2
107,0,1,2,0,2,6,1,2,2,1,1,0,1,0,2
107,0,1,2,1,1,4,1,2,1,1,0,0,1,1,2
108,0,0,2,0,1,0,2,2,0,1,2,1,0,1,1
107,0,1,2,0,1,0,2,2,2,1,0,0,1,0,3
108,0,0,2,0,2,9,2,2,2,1,2,0,1,0,2
108,0,1,2,1,1,8,2,2,2,1,2,1,0,1,1
108,0,1,2,1,2,0,1,2,0,1,0,1,1,0,3
107,0,1,2,0,2,0,1,2,2,1,1,0,1,0,2
108,1,0,2,1,2,0,2,2,2,1,3,1,0,1,0
108,0,1,2,1,2,0,1,2,2,0,0,0,0,1,2
108,1,1,2,1,1,0,2,2,2,1,2,1,1,0,2
107,0,1,2,1,1,3,2,2,2,1,2,0,1,1,2
107,0,0,2,1,2,3,1,2,2,1,2,1,0,1,2
107,0,1,2,1,1,0,2,2,2,1,0,0,1,0,3
108,0,1,2,0,1,0,2,2,2,1,0,0,0,0,2
108,0,1,2,1,1,7,2,2,2,0,3,0,0,0,1
107,0,0,2,1,2,10,2,2,2,1,2,0,0,0,0
108,0,0,2,1,1,7,2,2,2,1,2,1,0,0,0
107,1,0,2,1,1,6,2,2,1,1,2,1,0,1,2
107,0,1,2,0,1,0,1,2,0,1,2,0,0,0,3
107,0,1,0,1,1,0,2,2,2,1,0,0,1,1,3
107,0,1,2,1,2,0,0,2,0,1,0,0,0,1,2
107,1,1,2,0,1,6,0,2,0,1,2,0,1,0,2
107,0,0,2,0,2,8,2,2,2,1,2,0,0,1,2
108,0,0,2,1,2,8,1,2,2,1,3,1,0,1,2
107,0,0,2,1,2,10,2,2,2,1,2,0,0,1,2
107,0,1,2,0,2,8,2,2,2,1,0,0,0,0,2
108,0,1,2,1,2,7,2,2,2,0,0,0,0,0,2
107,0,1,2,0,1,0,2,2,2,1,1,0,0,0,2
108,0,0,2,1,1,10,2,2,2,1,2,0,0,1,2
108,0,0,0,1,2,10,2,2,2,1,0,0,1,1,2
108,0,0,2,1,1,0,2,2,2,1,2,1,1,1,2
108,1,0,2,1,1,2,2,2,2,1,2,0,1,1,2
108,0,1,2,0,2,6,2,2,2,1,2,0,1,0,2
108,0,1,2,0,1,8,2,2,2,1,2,0,0,0,2
108,0,0,2,1,1,8,2,2,2,1,3,1,1,0,2
108,0,0,2,1,2,4,2,2,2,1,2,1,0,1,2
108,0,0,2,1,2,4,2,2,2,1,2,0,1,1,2
108,0,0,2,1,2,10,1,2,2,1,2,1,0,1,2
107,0,1,2,1,2,0,1,2,2,1,1,0,1,0,2
108,0,1,2,1,2,8,1,2,2,1,0,0,0,0,3
108,0,1,0,0,2,4,2,2,2,1,2,0,0,1,2
108,1,0,0,1,2,8,0,2,2,1,2,0,1,1,2
106,0,1,0,0,2,8,2,2,2,1,0,0,1,1,2
106,0,1,0,0,2,8,0,2,2,1,0,0,1,1,2
108,1,1,2,0,2,8,2,2,2,1,2,0,1,0,1
108,0,1,2,1,2,8,1,2,2,1,2,0,0,1,3
107,0,1,2,1,2,0,2,2,2,1,2,0,0,0,3
108,0,0,2,0,1,8,2,2,2,1,2,1,0,0,2
108,0,1,2,1,1,10,0,2,0,1,0,1,0,0,1
108,0,0,2,1,2,6,2,2,2,1,2,0,0,1,2
108,0,0,2,0,2,4,0,2,1,1,0,0,0,0,3
108,0,1,2,0,1,4,0,2,2,1,2,1,1,0,1
108,0,0,2,1,2,8,2,2,2,1,2,0,1,1,0
108,0,0,2,1,1,8,2,2,2,1,2,1,1,1,2
107,0,1,2,0,2,6,1,2,2,1,0,0,0,1,2
107,0,1,2,1,2,6,2,2,2,1,2,1,1,1,3
108,1,0,2,0,1,8,0,2,0,1,2,1,1,0,2
107,1,1,2,1,2,8,1,2,2,1,2,0,1,0,0
108,0,0,2,1,1,8,0,2,0,1,2,1,0,1,2
108,0,0,2,0,2,7,2,2,0,0,2,1,0,1,2
108,0,0,2,0,2,7,2,2,2,1,2,0,0,1,2
108,0,1,2,1,2,8,2,2,2,1,2,0,0,1,3
108,0,1,2,0,2,8,2,2,2,1,2,0,0,0,0
108,0,1,2,0,1,7,2,2,2,0,2,0,0,1,2
108,0,0,2,1,1,2,0,2,1,1,2,1,1,1,2
108,0,0,2,1,2,0,2,2,2,1,2,0,1,1,2
108,1,1,2,1,1,10,2,2,1,1,1,0,1,1,2
108,1,1,2,1,2,0,0,2,0,1,2,0,1,1,2
108,0,0,2,1,1,0,2,2,2,1,2,1,0,1,2
108,0,0,2,1,1,8,2,2,2,1,2,1,0,1,2
108,0,0,2,1,2,6,1,2,1,1,2,0,1,1,2
108,1,0,2,1,1,8,2,2,2,1,2,1,0,1,0
108,0,0,0,1,1,8,2,2,2,1,2,1,1,1,2
108,1,1,2,0,2,0,0,2,2,1,0,0,1,0,2
107,1,0,2,0,2,0,2,2,2,1,0,0,1,0,2
108,0,0,2,0,2,4,2,2,2,1,2,0,1,0,0
107,0,1,2,0,2,0,2,2,0,1,3,0,1,0,2
108,0,0,0,1,2,10,2,2,2,1,0,0,1,1,2
108,0,0,2,1,1,0,2,2,0,1,2,0,0,1,3
108,1,1,2,1,2,10,1,2,2,1,3,1,0,1,2
107,0,1,2,1,2,0,1,2,2,1,3,0,0,0,2
108,2,0,2,0,2,9,0,2,2,1,2,1,0,0,2
108,0,0,2,1,1,8,2,2,0,1,2,1,1,1,2
108,1,1,2,0,2,8,2,2,2,1,2,0,1,0,2
108,0,0,0,1,2,2,0,2,2,1,2,1,0,1,2
108,0,0,2,1,1,7,2,2,0,1,2,1,0,1,1
107,0,1,2,1,2,6,2,2,2,1,0,0,1,1,2
107,1,1,2,1,1,4,1,2,0,1,2,0,0,1,2
108,0,0,2,1,2,4,2,2,2,1,2,0,1,1,2
108,0,0,2,1,2,6,2,2,2,1,2,1,1,1,2
108,1,0,2,1,1,4,2,2,2,1,2,1,1,1,1
108,0,0,2,1,1,1,2,2,0,1,2,1,0,1,2
108,0,0,2,1,1,8,1,2,0,0,0,1,1,1,2
108,1,1,2,1,1,8,2,2,2,1,2,1,0,1,2
108,0,0,0,0,2,8,2,2,2,1,2,1,0,1,2
108,0,0,2,1,2,0,2,1,0,1,2,1,0,1,1
108,2,0,2,1,2,0,1,2,0,1,2,1,0,1,2
108,0,0,2,1,1,2,1,2,2,1,2,1,0,1,2
107,0,1,2,1,1,10,2,2,0,1,2,0,1,1,2
108,0,0,2,1,1,0,0,2,1,1,2,1,0,1,1
108,1,1,0,1,2,8,2,2,0,1,3,1,0,1,3
108,0,1,2,1,1,7,2,2,0,0,0,0,0,0,3
107,1,1,2,1,2,8,1,2,0,1,3,0,0,1,2
108,0,1,2,1,2,0,0,2,2,1,3,0,1,1,2
108,0,1,2,1,2,2,2,2,2,1,0,0,1,1,2
108,0,1,2,1,2,0,2,2,2,1,2,0,1,1,2
108,0,0,2,1,1,8,1,2,1,1,2,1,0,1,2
108,0,1,2,0,2,7,1,2,2,0,1,0,1,0,2
108,0,1,2,1,2,8,2,2,1,1,2,0,0,1,2
108,1,1,2,0,2,6,2,2,0,1,2,0,1,0,2
108,0,0,2,0,2,7,2,2,2,1,0,0,0,0,2
108,0,0,2,1,1,8,1,2,0,1,2,1,1,1,2
108,0,0,2,0,2,8,2,2,2,1,2,0,0,1,0
108,2,0,2,1,2,10,2,2,2,1,2,0,1,1,2
108,0,0,2,1,1,0,2,2,2,1,2,1,0,1,2
108,0,1,2,1,1,4,1,2,2,1,2,0,0,0,2
108,0,1,2,1,1,2,2,2,2,1,2,1,0,0,1
108,1,1,2,0,1,10,0,2,1,1,0,0,0,0,1
108,0,0,2,0,2,4,2,2,2,1,2,1,0,1,1
108,0,0,2,1,1,0,2,2,2,1,0,0,0,1,2
108,0,0,2,1,2,6,2,2,2,0,2,0,1,0,2
108,1,0,2,1,2,7,1,2,2,1,0,0,1,1,0
108,0,0,2,1,2,6,2,2,2,1,2,1,1,1,2
107,0,1,2,1,2,0,1,2,2,1,2,0,1,1,1
107,0,1,2,1,2,0,2,2,2,1,0,0,0,0,2
108,0,0,2,1,2,0,2,2,2,1,2,0,1,1,3
108,0,1,0,1,1,0,2,2,2,1,2,0,1,1,2
108,0,0,2,0,2,8,0,2,2,1,0,0,1,0,2
108,1,1,2,1,2,2,1,2,2,1,2,0,0,0,0
107,0,1,0,1,2,6,0,2,2,1,2,0,1,1,2
107,0,1,0,1,2,6,0,2,2,1,2,0,1,1,2
108,0,0,2,1,1,0,1,2,2,1,2,1,0,1,1
108,0,0,2,1,1,4,2,2,2,1,2,1,1,1,2
108,0,1,2,0,1,0,2,2,2,1,0,0,1,0,2
108,0,0,2,1,1,0,0,2,2,1,2,1,0,1,2
108,0,0,2,0,1,4,2,2,2,1,2,0,1,0,0
108,0,1,2,1,2,6,0,2,2,1,3,1,1,1,1
108,1,1,2,1,1,8,1,2,2,1,0,0,0,1,0
107,0,1,2,0,1,8,2,2,2,1,2,0,1,1,3
108,0,0,2,0,2,12,2,2,2,1,2,1,1,0,0
108,0,1,2,1,2,4,2,2,0,1,0,1,1,0,3
108,0,0,2,1,1,0,0,2,2,1,2,1,1,1,2
108,0,1,2,0,2,8,2,2,0,1,3,0,0,0,2
108,0,0,2,1,1,2,2,2,2,1,2,1,0,1,2
108,0,0,0,1,2,2,2,2,2,1,3,0,0,0,2
108,0,0,2,1,1,7,2,2,0,1,2,0,0,1,2
108,0,1,2,0,2,4,1,2,2,1,1,0,0,0,2
108,1,0,2,1,2,8,2,2,2,1,2,0,1,1,2
108,0,0,2,0,2,7,1,2,2,1,2,1,1,0,0
108,0,0,2,1,2,6,2,2,2,1,2,1,1,1,0
108,1,1,0,1,1,8,2,2,1,1,0,0,0,1,2
108,0,0,0,0,2,1,2,2,2,1,2,0,1,1,3
108,0,0,2,1,1,8,0,2,2,1,2,1,1,0,2
108,0,0,2,1,1,0,1,2,2,0,0,0,1,0,2
107,0,1,2,1,2,0,2,2,2,0,1,0,0,1,2
108,0,0,2,1,1,4,2,2,2,1,2,1,1,1,0
108,0,0,0,0,1,0,2,2,2,1,0,0,0,1,2
108,0,0,2,1,2,8,2,2,2,1,2,1,1,1,2
107,0,1,2,0,1,0,2,2,2,1,2,1,1,0,2
108,0,1,2,1,1,6,2,2,2,1,2,0,0,0,2
108,0,0,2,1,2,8,1,2,1,1,1,0,1,1,2
108,0,0,2,1,2,7,2,2,2,1,2,0,1,1,2
108,0,0,2,1,1,4,2,2,2,1,3,1,1,1,2
108,0,0,2,1,2,7,2,2,2,1,2,1,0,1,1
108,1,1,2,1,2,8,2,2,2,1,2,0,1,1,2
108,0,0,2,1,1,4,2,2,2,1,2,1,1,1,2
108,0,1,0,0,2,8,2,2,2,1,0,0,0,0,2
108,0,0,2,1,2,0,2,2,1,1,3,1,1,1,1
108,0,1,2,1,1,8,2,2,1,1,0,0,0,1,3
108,1,1,2,1,1,8,0,2,0,1,2,1,0,0,1
108,1,1,2,0,2,6,0,2,2,1,0,0,1,0,1
108,0,0,2,1,2,10,2,2,2,1,2,0,1,1,3
108,0,0,0,1,2,0,0,2,0,1,2,1,0,1,2
108,1,1,2,1,1,3,2,2,2,1,2,1,1,0,2
108,0,0,2,0,2,11,2,2,2,1,2,1,1,0,1
108,0,0,2,1,1,4,2,2,2,1,2,1,0,1,2
108,0,1,2,1,2,8,0,2,2,1,2,1,1,0,2
108,0,1,2,1,2,6,2,2,2,0,2,0,1,1,2
108,0,0,2,1,2,4,2,2,2,1,2,1,0,1,2
108,0,0,2,0,1,8,2,2,2,1,0,0,0,0,2
108,0,0,2,0,2,8,2,2,2,1,2,0,0,1,2
108,1,0,2,0,2,8,2,2,2,1,2,0,0,1,0
108,0,0,2,1,2,0,2,2,2,1,1,0,1,1,2
108,0,0,2,0,1,0,1,2,2,1,2,1,1,0,1
108,0,0,2,1,2,6,2,2,1,1,3,1,0,1,2
108,0,0,2,1,2,7,2,2,2,0,3,0,0,1,2
108,0,0,2,0,1,3,2,2,0,1,2,1,1,0,2
108,0,0,2,1,1,8,1,2,2,1,0,1,1,1,2
108,0,0,2,0,2,8,2,2,2,1,0,0,0,1,2
108,0,0,2,1,2,6,2,2,2,1,2,0,1,1,1
108,1,1,2,0,2,0,1,2,2,1,0,0,1,0,2
108,0,0,2,0,1,2,2,2,2,1,2,0,0,0,2
108,0,1,2,1,2,7,2,2,2,1,2,0,0,0,2
108,0,0,2,1,1,0,2,2,1,1,2,1,0,1,1
107,0,1,2,0,2,0,2,2,0,1,2,0,0,0,2
107,0,1,2,1,1,2,0,2,1,1,3,0,1,0,2
108,0,1,2,1,2,8,2,2,2,1,2,0,1,0,2
107,0,1,2,1,1,6,2,2,2,0,2,0,1,0,1
108,0,0,0,1,1,10,2,2,1,1,2,0,0,1,2
108,0,1,2,1,1,8,0,2,2,1,0,1,1,0,3
108,0,1,2,1,1,8,1,2,1,1,0,0,1,0,2
108,0,0,2,1,2,2,2,1,2,1,2,1,1,1,2
108,0,1,2,1,1,0,1,2,2,1,2,1,1,0,2
109,0,0,2,1,2,10,2,2,2,1,2,0,1,1,2
109,0,0,2,0,2,10,0,2,0,1,2,1,1,0,1
109,0,1,2,1,2,0,2,2,2,1,1,1,1,1,2
109,1,1,2,1,2,10,2,2,2,1,2,1,0,1,2
109,0,0,2,1,1,0,1,2,1,1,2,1,1,1,0
108,0,0,2,1,2,8,2,2,2,1,2,0,0,1,0
107,0,1,2,0,2,6,2,2,2,1,0,0,1,0,2
109,0,0,2,1,2,0,2,2,0,1,2,0,1,1,0
109,0,0,2,1,1,4,2,2,1,1,2,1,1,1,2
108,1,1,0,1,1,8,2,2,2,1,0,1,1,0,2
108,1,1,2,0,2,4,0,2,0,1,1,0,1,0,1
107,0,1,2,0,2,8,0,2,2,1,3,0,1,0,2
108,0,1,2,1,2,8,2,2,2,1,2,0,1,0,2
108,0,1,2,1,1,0,2,2,2,1,2,0,0,1,2
108,0,0,2,1,2,6,2,2,2,1,2,1,1,0,2
108,0,1,2,1,1,4,1,2,2,1,2,1,0,1,2
109,0,0,2,0,1,8,2,2,2,1,0,1,1,0,1
108,0,1,2,1,1,0,2,2,2,1,3,0,0,1,1
108,1,0,2,1,2,6,0,2,2,1,3,0,1,1,2
108,0,1,2,0,2,8,2,2,2,1,2,0,1,1,1
108,0,1,2,1,1,0,2,2,0,1,1,0,1,1,3
108,0,1,2,0,1,0,1,2,2,1,3,0,0,0,1
108,1,1,2,1,2,8,2,2,1,1,2,1,0,0,1
108,1,1,2,1,2,10,0,2,0,1,0,0,0,0,2
108,0,0,2,1,1,6,2,2,2,1,3,1,0,1,2
108,0,0,2,0,2,8,1,2,1,1,3,0,1,1,2
108,0,0,2,1,2,0,2,2,2,1,2,0,0,1,3
109,0,1,2,1,1,0,2,2,2,1,0,1,0,1,1
109,0,0,0,1,1,0,2,2,2,1,0,1,0,0,2
109,0,0,2,1,1,8,2,2,2,1,2,1,1,1,2
108,1,1,2,1,2,2,0,2,2,1,0,0,0,1,2
108,0,0,2,1,1,10,2,2,2,1,2,1,1,1,2
109,0,0,2,1,2,0,2,2,2,1,2,1,0,1,2
109,0,0,2,1,1,8,2,2,2,1,2,1,0,1,0
108,1,1,2,1,2,4,0,2,1,1,2,1,1,0,2
109,1,1,2,1,1,10,0,2,2,1,2,0,0,1,2
109,0,0,2,1,2,4,1,2,2,1,2,1,1,1,2
107,1,1,2,1,2,4,0,2,2,1,0,0,1,0,2
109,0,0,2,1,1,10,2,2,2,1,2,1,1,1,2
109,0,0,2,1,2,4,1,2,2,1,0,0,0,1,3
109,0,0,2,1,1,6,2,2,2,1,2,1,0,1,1
108,0,1,2,1,2,0,2,2,2,1,1,0,0,0,3
109,0,0,2,1,2,8,2,2,2,1,0,0,0,1,3
109,0,1,2,1,1,10,1,2,2,1,2,1,1,0,1
108,0,1,2,1,1,8,2,2,2,0,2,0,1,0,2
109,0,1,2,1,2,0,2,2,2,1,2,1,0,1,2
109,0,1,2,1,1,10,0,2,2,1,2,0,1,0,0
108,1,0,2,1,2,2,2,2,2,1,2,1,1,1,2
109,0,0,2,1,1,8,2,2,2,1,2,0,1,1,2
108,0,1,2,1,1,8,1,2,2,0,2,1,1,0,1
109,0,0,2,1,1,8,2,2,2,1,2,0,1,1,2
109,0,0,2,0,1,1,1,2,0,1,2,1,1,1,2
109,0,0,2,1,1,0,1,2,1,1,2,1,1,1,0
108,0,1,0,1,1,8,2,2,0,1,0,0,1,1,3
108,0,0,2,1,1,2,2,2,2,1,3,0,0,0,1
108,1,1,2,1,2,0,2,2,2,1,2,0,0,0,2
108,0,0,2,0,2,9,0,2,0,1,1,0,1,0,1
108,0,1,2,1,2,2,2,2,2,1,2,1,0,0,2
109,0,0,0,1,2,4,2,2,2,1,0,0,1,0,2
109,0,0,2,1,1,4,2,2,2,1,0,0,0,1,2
108,0,1,2,1,2,7,0,2,2,0,1,0,0,1,2
108,0,1,2,1,2,8,1,2,1,1,0,0,1,1,2
108,0,1,2,1,2,0,2,2,2,1,2,1,0,1,0
109,0,0,2,1,1,10,2,2,2,1,2,1,0,0,0
109,0,0,2,1,1,0,2,2,2,1,2,1,0,1,1
109,0,0,2,0,2,0,2,2,0,1,2,1,0,0,0
108,0,0,2,1,2,8,1,2,1,1,2,1,1,0,2
109,0,1,2,1,2,8,0,2,0,1,2,1,1,0,1
109,0,0,2,1,2,8,0,2,2,1,2,0,1,1,2
109,0,0,2,0,2,2,2,2,2,1,0,0,1,0,2
108,0,1,2,1,2,0,2,2,0,0,3,0,0,1,1
109,0,0,2,1,2,3,2,2,2,1,2,1,1,1,0
109,0,0,2,1,2,8,0,2,2,1,0,0,1,1,2
108,0,1,2,1,2,7,1,2,2,0,0,0,0,1,2
108,0,1,2,0,1,0,2,2,2,1,2,0,0,1,2
109,0,0,0,1,1,2,2,2,2,1,2,1,1,1,0
109,1,0,2,1,1,10,2,2,2,1,2,0,1,1,2
109,0,1,2,0,2,8,2,2,2,1,0,0,0,1,2
108,0,0,2,1,1,8,2,2,0,1,2,1,1,1,3
108,0,1,2,1,1,8,2,2,1,1,0,0,1,0,2
109,0,0,2,1,2,6,2,2,2,1,2,0,1,0,2
109,0,0,2,1,1,8,1,2,2,1,3,1,1,0,2
109,0,1,2,0,2,0,2,2,2,1,2,0,0,1,0
109,0,1,2,1,2,8,1,2,2,1,2,1,1,1,2
108,0,1,2,1,2,8,2,2,2,1,3,0,1,1,2
109,0,0,2,1,1,10,2,2,0,1,3,1,0,1,2
108,0,1,1,0,2,10,2,2,2,1,0,0,1,1,3
109,0,0,2,1,2,2,2,2,2,1,2,0,0,1,2
109,0,1,2,1,1,7,2,2,2,0,0,0,0,0,3
109,0,1,2,1,1,4,0,2,2,1,2,0,1,0,0
109,2,1,2,1,1,3,1,2,0,1,2,0,0,0,2
108,1,0,2,1,1,0,2,2,2,1,2,0,1,1,0
107,0,1,2,1,1,8,2,2,2,1,3,0,1,0,3
109,0,1,2,1,2,0,2,2,2,1,2,1,1,1,2
100,0,1,2,1,2,8,2,2,2,1,1,0,0,1,2
109,1,1,2,1,2,8,0,2,0,1,0,0,1,1,2
109,0,0,0,1,2,6,2,2,2,1,2,0,1,1,2
108,1,1,2,1,1,0,1,2,0,1,2,1,1,1,2
109,1,0,2,0,2,0,2,2,1,1,0,0,0,0,2
109,0,0,2,1,2,7,2,2,2,0,2,0,1,0,1
109,1,0,0,1,2,0,0,2,2,1,2,1,1,1,2
109,1,0,2,1,2,9,2,2,0,1,2,1,0,1,0
108,0,0,2,0,2,8,1,2,1,1,2,1,0,1,1
109,0,1,0,1,2,8,0,2,2,1,1,0,1,1,2
108,0,1,2,1,2,0,2,2,2,1,2,0,1,1,3
109,0,0,2,1,1,8,2,2,2,1,2,1,1,1,2
109,0,1,2,1,1,8,2,2,2,1,0,0,1,1,2
109,0,0,2,1,2,2,0,2,2,1,2,0,1,1,2
108,0,1,2,1,1,0,2,2,2,0,2,0,1,1,2
109,0,0,2,1,1,2,0,1,2,1,2,1,0,1,1
109,0,1,2,1,1,10,1,2,0,1,0,0,1,0,2
109,0,1,2,1,1,8,2,2,2,1,0,0,1,1,2
109,0,0,2,1,2,0,2,2,0,1,2,0,1,1,2
109,0,0,2,0,1,8,2,2,0,1,2,1,0,1,0
109,0,1,2,1,2,0,2,2,2,1,2,0,1,1,3
109,0,0,2,1,1,6,2,2,2,1,2,1,1,1,2
109,0,1,2,0,2,0,2,2,2,1,0,1,1,1,2
109,0,1,2,1,2,6,2,2,2,1,2,0,0,0,0
109,0,1,2,1,2,0,2,2,2,1,2,0,0,1,2
109,0,1,0,1,2,8,0,2,0,1,2,0,1,0,2
109,1,0,2,1,2,0,2,2,2,1,2,0,0,1,2
109,0,0,0,1,1,4,2,2,1,1,0,0,0,1,2
109,0,1,2,1,1,7,2,2,2,0,0,0,1,1,2
109,0,1,2,1,1,7,1,2,2,0,2,0,0,0,2
109,0,1,2,1,1,8,2,2,2,1,2,0,0,0,2
108,0,1,2,0,2,0,2,2,2,1,0,0,1,0,2
109,0,0,2,0,1,8,2,2,2,1,2,1,0,1,0
109,0,0,2,1,1,4,2,2,2,1,1,1,1,1,0
109,0,0,2,1,2,2,0,2,0,1,2,1,1,1,1
109,0,0,0,0,1,6,2,2,2,1,0,1,1,1,1
109,0,0,2,1,1,0,2,2,2,1,2,0,1,1,2
109,1,0,2,1,2,2,0,2,2,1,1,0,0,1,0
109,0,1,2,1,2,8,2,2,2,1,0,0,0,1,2
109,0,0,2,1,1,4,1,2,0,1,2,1,0,1,2
109,0,0,2,1,2,6,1,2,2,1,2,1,1,1,2
109,0,0,2,0,1,10,0,2,2,1,2,1,1,0,0
109,0,1,2,0,1,0,0,2,0,1,2,0,1,0,1
109,0,1,2,0,1,0,2,2,2,1,0,0,0,0,2
109,0,0,2,1,1,4,2,2,2,1,2,1,1,1,2
109,0,1,2,1,2,4,2,2,2,1,3,0,1,1,2
109,0,0,2,1,1,2,2,2,2,1,2,1,0,1,0
109,0,0,2,0,1,2,2,2,2,1,2,1,1,0,1
109,0,1,0,1,2,4,1,2,2,1,0,0,1,0,3
109,0,1,2,0,1,0,1,2,2,1,1,0,1,0,0
108,0,1,2,0,2,8,2,2,2,1,0,0,1,1,3
109,0,1,2,1,1,8,1,2,0,1,2,0,1,0,0
109,1,1,2,0,2,4,0,2,2,1,2,0,1,0,3
109,0,0,2,1,2,8,2,2,2,1,2,1,1,1,0
109,0,0,2,1,1,9,2,2,2,1,2,1,1,1,2
109,1,0,2,1,1,8,2,2,2,1,2,1,1,1,2
109,0,0,2,0,1,4,2,2,2,1,2,1,1,0,0
109,0,0,0,1,2,0,0,2,2,0,0,1,0,1,2
109,0,0,2,0,1,6,0,2,2,1,2,1,1,0,2
109,0,0,2,0,1,6,2,2,2,1,2,1,1,0,0
109,0,1,2,0,2,8,2,2,2,1,2,0,0,0,2
109,0,0,2,1,1,8,2,2,2,1,3,1,1,1,3
109,0,0,2,1,1,8,2,2,0,1,2,1,1,1,0
108,0,0,2,1,2,2,0,2,0,1,3,0,0,1,1
109,0,1,2,1,1,8,2,2,2,1,2,0,0,1,2
109,0,0,2,1,1,6,2,2,2,1,2,1,1,1,1
109,0,1,2,1,1,8,2,2,2,1,0,0,0,1,2
109,0,0,2,0,1,10,2,2,2,1,1,0,1,0,2
109,1,0,2,1,2,0,2,2,2,1,1,0,0,1,2
109,0,1,2,1,2,8,0,2,2,1,3,1,1,1,2
92,0,1,2,0,2,8,2,2,2,1,0,0,1,0,3
93,0,1,1,1,2,8,2,2,2,1,0,0,0,0,3
94,0,0,2,0,2,0,2,2,2,1,2,0,0,1,3
94,0,1,0,0,2,0,2,2,2,1,1,1,0,1,3
93,0,0,2,0,2,0,2,2,2,1,3,0,0,1,0
92,1,1,2,1,2,0,0,2,2,1,1,0,0,1,3
94,1,0,2,0,2,8,2,2,2,1,2,0,0,1,2
94,0,0,2,0,2,8,2,2,2,1,3,0,0,0,2
94,0,1,2,0,2,0,2,2,2,1,0,0,0,0,3
94,0,0,2,0,2,2,2,2,2,1,2,0,0,0,2
89,0,1,2,0,2,0,2,2,2,1,0,0,0,0,0
94,1,0,2,0,2,9,2,2,2,1,2,0,0,0,2
94,0,0,2,0,2,0,2,2,2,1,2,1,0,1,1
89,0,1,2,0,2,7,2,2,2,1,2,0,0,1,2
94,0,1,2,0,2,6,2,2,2,1,0,0,1,1,2
94,1,0,2,0,2,8,2,2,2,1,2,0,0,1,2
94,0,0,2,0,2,10,2,2,2,1,2,1,0,1,2
94,1,1,2,0,2,10,2,2,2,1,1,0,0,1,3
94,1,0,2,0,2,1,2,2,2,1,2,0,0,1,2
94,0,0,2,0,2,0,2,2,2,1,0,0,0,1,2
94,0,1,2,0,2,8,2,2,2,1,0,0,0,0,1
93,0,0,2,0,2,0,2,2,2,1,0,0,0,0,3
94,0,1,2,0,2,8,2,2,2,1,2,0,0,0,2
89,0,1,0,0,2,7,2,2,2,1,0,0,0,0,2
93,0,1,0,0,2,8,2,2,2,1,2,0,0,0,2
93,0,1,2,0,1,4,2,2,2,1,2,0,1,1,2
93,0,0,2,0,1,7,2,2,2,1,0,0,1,1,2
93,0,1,2,0,2,2,2,2,2,1,3,1,1,0,2
95,0,1,2,0,2,1,2,2,2,1,2,1,1,1,2
95,0,0,2,1,2,8,2,2,2,1,2,0,1,0,0
95,0,1,2,0,2,0,2,2,2,1,1,0,0,0,2
94,1,1,2,0,1,0,2,2,2,1,0,0,0,1,2
94,0,1,2,0,2,8,2,2,2,1,0,0,0,0,0
95,0,0,0,0,2,8,2,2,2,1,0,0,0,0,2
95,0,0,2,0,2,10,2,2,2,1,2,0,0,0,2
95,0,0,2,0,2,4,2,2,2,1,0,0,0,1,2
95,0,0,2,0,2,8,2,2,2,1,2,0,0,1,2
94,0,0,2,1,1,8,1,2,2,1,0,0,0,1,2
95,0,0,2,0,2,4,2,2,0,1,1,0,0,0,2
94,0,1,2,0,2,8,2,2,2,1,1,0,0,1,2
94,1,0,2,1,2,0,2,2,2,1,1,0,0,0,2
94,0,1,2,1,2,4,2,2,2,1,0,0,1,1,3
95,0,1,2,0,2,2,2,2,2,1,0,0,0,1,2
95,0,0,2,1,1,6,2,2,2,1,0,0,0,1,3
95,0,0,2,0,2,0,2,2,2,1,3,1,0,0,0
95,0,1,2,0,2,0,2,2,2,1,0,0,0,1,3
94,0,1,2,1,2,10,2,2,2,1,2,0,0,0,3
94,0,0,2,1,1,3,2,2,2,1,0,0,1,0,2
95,0,0,2,0,2,6,2,2,2,1,2,0,0,0,1
95,2,1,2,0,2,7,2,2,2,1,2,0,0,0,2
95,0,0,2,0,2,2,2,2,2,1,0,0,0,0,3
94,0,0,2,0,2,8,2,2,2,1,2,1,0,1,2
94,0,0,2,0,2,10,1,2,2,1,2,0,0,1,2
94,0,1,2,0,1,0,2,2,2,1,3,0,0,0,2
95,1,0,2,1,2,0,2,2,2,1,0,0,0,0,2
94,0,1,2,0,1,10,2,2,2,1,0,0,0,0,1
94,0,0,2,0,2,4,2,2,2,1,0,0,1,0,2
94,0,0,2,0,2,8,2,2,2,1,2,0,1,0,2
93,0,1,2,0,2,10,2,2,2,1,2,0,0,0,2
94,0,1,2,0,1,8,2,2,2,1,0,0,0,0,0
93,1,0,0,0,2,8,2,2,2,1,0,0,1,0,3
94,0,0,2,0,1,8,2,2,2,1,2,1,1,0,2
94,0,1,2,0,2,0,2,2,2,1,3,1,0,0,1
89,0,1,2,0,2,8,2,2,2,1,1,0,0,1,2
88,0,1,2,0,2,8,2,2,2,1,2,0,0,1,2
89,0,1,2,0,2,6,2,2,2,1,0,0,0,0,2
89,1,1,2,0,2,8,0,2,2,1,1,0,0,0,2
89,0,1,2,0,2,0,2,2,2,1,2,0,0,0,0
89,0,1,2,0,2,0,2,2,2,1,2,0,0,0,0
89,0,1,2,0,2,0,2,2,2,1,1,0,1,1,3
89,1,1,2,0,2,7,2,2,2,1,3,1,0,1,2
89,0,1,2,0,2,7,2,2,2,1,0,0,0,0,2
95,0,0,2,1,2,0,0,2,2,1,1,0,1,1,2
95,0,0,2,0,2,8,2,2,2,1,2,0,0,1,2
95,0,0,0,1,2,2,2,2,2,1,1,0,1,0,2
95,0,1,2,0,2,8,2,2,2,1,0,0,0,1,2
95,1,0,2,0,2,4,2,2,2,1,2,0,0,0,2
95,0,0,2,1,1,8,2,2,2,1,3,0,0,1,0
95,0,0,0,0,1,4,2,2,2,1,0,0,0,0,0
94,2,1,2,0,2,9,0,2,2,1,2,0,0,0,2
95,1,1,2,0,2,6,2,2,2,1,2,0,0,0,0
95,0,1,2,0,0,8,2,2,2,1,0,0,1,0,2
95,0,0,2,1,2,6,2,2,2,1,3,1,0,1,2
95,0,1,0,0,2,8,2,2,0,1,1,1,1,1,2
95,0,1,2,0,2,4,1,2,2,1,0,0,0,0,3
95,0,1,2,1,1,2,2,2,2,1,2,0,1,0,2
95,0,1,2,1,1,2,2,2,2,1,2,0,1,0,2
95,1,0,2,0,1,1,2,2,2,1,3,0,0,1,2
94,0,1,2,1,2,0,1,2,2,1,2,1,0,0,2
94,0,0,2,0,1,0,2,2,2,1,1,0,0,1,2
95,0,1,0,1,2,8,2,2,2,1,0,0,1,1,2
94,0,0,2,0,2,2,2,2,2,1,0,0,1,1,3
95,0,0,2,1,2,0,2,2,2,1,2,0,0,1,2
93,0,1,2,0,2,0,2,2,2,1,0,0,1,1,3
95,1,0,2,0,2,8,2,2,2,1,2,0,0,1,2
95,0,0,2,1,2,4,2,2,2,1,0,0,0,1,2
95,0,0,2,1,1,8,2,2,2,1,0,0,1,0,3
94,0,1,2,1,2,0,2,2,2,1,2,0,0,0,2
96,0,0,0,0,2,8,2,2,2,1,2,0,0,1,1
109,0,1,1,1,2,8,1,2,0,1,0,0,0,1,3
109,0,1,2,1,1,4,2,2,2,1,2,0,1,1,2
109,0,1,2,1,2,2,0,2,2,0,3,1,1,0,1
109,1,0,0,1,2,0,0,2,0,1,2,1,0,1,2
109,1,1,2,1,2,2,2,2,2,0,2,0,1,0,2
109,0,1,2,0,1,10,1,2,0,1,2,0,1,0,2
109,0,0,2,0,1,0,2,2,2,1,2,1,0,1,0
109,0,0,2,1,2,0,2,2,2,1,3,1,1,1,2
109,0,1,2,1,2,10,0,2,2,1,0,0,1,0,2
109,0,0,2,1,2,8,1,2,2,1,3,0,0,0,2
109,0,0,2,1,1,0,2,2,2,1,2,0,1,1,2
109,0,1,2,0,2,0,2,2,2,1,0,0,1,0,2
109,0,0,2,1,1,0,2,2,2,1,2,0,0,1,2
109,0,0,2,1,1,1,1,2,2,1,1,0,1,1,2
109,1,0,2,1,2,2,2,2,2,1,2,1,0,0,2
109,1,1,2,1,2,8,2,2,2,1,2,0,1,0,2
109,0,0,2,1,2,0,2,2,2,1,2,1,0,1,1
109,0,0,2,1,1,8,1,2,0,1,2,1,1,1,2
109,2,0,2,0,2,4,0,2,0,1,2,1,0,1,0
109,0,0,2,1,1,0,0,2,2,0,2,1,1,0,3
109,0,0,2,1,2,8,1,2,2,1,2,1,1,1,2
109,1,0,2,0,1,8,2,2,1,1,2,0,1,1,2
109,1,0,0,1,2,6,2,2,2,1,2,1,0,1,3
109,0,0,2,1,2,0,2,2,1,1,3,1,1,1,2
109,0,0,2,0,2,5,0,2,1,1,3,1,0,0,0
109,0,0,0,1,1,0,0,2,0,1,2,1,1,1,2
109,0,0,2,1,1,0,0,2,0,1,2,1,0,0,2
109,0,1,2,0,2,8,2,2,2,1,2,0,1,0,2
109,0,0,2,1,2,10,2,2,2,1,2,1,0,1,2
109,0,0,2,1,1,4,2,2,0,1,3,0,1,1,2
109,0,0,2,0,2,6,2,2,2,1,2,0,0,0,2
109,1,0,0,1,2,2,2,2,0,1,2,0,0,0,1
109,0,1,2,0,2,8,2,2,2,1,2,0,1,0,2
109,1,1,2,0,2,6,2,2,2,1,1,0,0,0,2
109,2,1,2,1,1,2,2,2,2,0,3,0,0,0,2
109,0,0,0,1,1,8,2,2,2,1,2,1,0,1,2
109,0,1,2,1,2,0,1,2,0,1,0,0,0,0,2
109,1,0,2,1,1,8,2,2,2,1,2,1,1,1,1
109,0,1,2,0,2,2,2,2,2,1,0,0,0,1,3
109,1,1,2,0,2,6,2,2,0,1,0,0,1,0,3
109,0,0,2,1,2,10,2,2,2,1,2,0,1,1,2
109,1,0,2,1,2,2,2,2,2,1,2,1,0,1,2
109,0,1,2,0,2,8,1,2,0,1,1,0,1,0,1
109,0,1,2,1,2,0,2,2,2,1,2,0,1,0,2
109,0,0,2,1,2,0,2,2,2,1,2,0,1,1,2
109,0,1,2,1,2,7,1,2,2,0,1,0,0,1,2
109,1,1,0,1,2,7,0,2,0,0,1,0,1,1,2
109,0,0,2,1,2,10,1,2,2,1,2,1,0,0,2
108,0,1,2,0,2,0,1,2,2,1,0,0,0,0,3
109,0,0,0,1,2,8,2,2,2,0,2,0,1,1,3
109,0,1,2,0,1,7,2,2,2,1,2,0,0,0,1
109,0,0,2,1,2,8,2,2,2,1,2,1,0,1,2
109,0,1,2,0,2,6,0,2,2,1,0,1,0,0,2
109,0,0,2,1,1,0,1,2,2,1,2,1,0,0,0
109,0,0,2,1,1,8,2,2,2,1,0,0,0,1,2
109,0,0,2,1,1,8,2,2,2,1,2,1,1,1,1
109,0,1,2,1,1,0,2,2,2,1,2,0,0,1,0
109,0,0,2,1,1,8,2,2,2,1,2,1,0,1,2
109,0,0,2,1,2,8,0,2,0,1,2,1,1,1,2
109,0,0,2,0,2,7,2,2,2,1,2,0,0,0,2
109,0,1,2,1,2,0,1,2,2,1,2,0,1,1,1
109,1,1,2,1,1,0,2,2,2,1,2,0,1,0,3
109,0,0,0,1,2,8,2,2,2,1,0,0,0,1,2
105,0,1,2,1,1,0,1,2,2,1,3,0,1,0,3
109,1,1,2,1,1,6,2,2,2,1,0,0,1,1,1
108,0,0,2,1,2,0,0,2,2,1,1,0,1,1,0
109,0,0,2,0,1,6,2,2,0,1,0,0,1,0,2
109,0,0,2,1,2,6,2,2,0,1,2,1,0,1,2
109,0,1,2,0,1,8,2,2,2,1,0,0,1,0,2
109,0,0,2,1,2,8,1,2,0,1,1,0,1,0,2
109,0,0,2,1,2,0,2,2,2,1,2,0,0,0,0
109,0,0,2,0,2,0,2,2,2,1,2,1,0,0,0
110,0,0,2,1,1,8,2,2,2,1,2,0,1,1,0
110,0,0,2,0,2,10,0,2,2,1,2,1,1,1,2
110,0,1,2,1,2,7,2,2,0,0,0,0,0,0,2
109,0,0,2,1,2,2,2,2,0,1,2,0,1,1,0
110,0,0,2,1,2,8,2,2,2,0,2,1,1,1,2
110,0,0,0,1,2,4,2,2,2,1,2,0,1,1,2
109,0,1,2,1,1,10,2,2,2,1,2,1,1,1,3
110,0,0,2,1,2,0,2,2,2,1,2,0,0,0,0
110,0,1,2,1,1,0,2,2,2,1,2,0,1,0,0
109,0,1,0,1,2,6,2,2,2,0,1,0,0,1,3
110,0,0,2,1,2,8,2,2,2,1,2,1,1,1,2
110,0,1,2,1,1,0,2,2,1,1,0,0,0,0,2
109,0,0,2,1,2,8,2,2,2,1,3,1,1,1,2
109,0,1,2,1,2,8,0,2,2,1,2,0,1,1,2
109,1,1,2,0,2,8,1,2,2,1,2,0,1,0,3
110,0,0,2,1,2,6,1,2,2,1,2,1,0,1,2
110,0,0,2,0,2,1,2,2,2,1,2,1,1,1,2
110,1,0,2,1,1,6,2,2,2,1,2,0,1,0,2
109,1,1,2,1,2,6,1,2,2,1,0,0,0,0,2
109,0,1,2,1,2,10,1,2,2,1,3,0,1,0,3
109,1,1,0,1,2,8,0,2,2,1,0,0,0,1,3
109,1,0,2,1,1,1,0,2,2,1,2,1,1,1,2
109,1,1,2,1,2,7,2,2,2,0,2,0,1,1,3
109,1,1,2,1,2,7,2,2,2,0,2,0,1,1,3
109,2,1,2,1,2,0,1,2,2,1,3,0,1,1,3
109,0,0,2,1,2,7,2,2,2,0,2,1,1,1,3
109,1,0,2,1,1,8,2,2,2,1,2,1,0,1,2
109,0,1,2,1,1,0,0,2,2,1,0,0,0,0,2
109,0,1,0,1,2,7,2,2,2,1,0,0,0,0,2
109,0,1,2,1,1,0,0,2,2,1,2,0,1,1,2
109,0,1,2,0,2,8,2,2,2,1,2,0,0,0,0
109,0,1,2,1,1,4,0,2,2,1,2,1,0,1,1
108,0,1,2,1,2,8,2,2,0,1,2,0,0,0,3
109,0,1,2,0,2,0,2,2,0,1,1,0,1,0,2
110,0,0,2,1,2,0,1,2,2,1,3,1,0,0,0
109,0,1,2,1,1,0,0,2,0,1,1,0,1,0,2
109,1,1,2,0,1,0,1,2,0,1,2,1,1,1,3
110,0,0,0,1,1,0,2,2,0,1,2,1,0,1,1
109,0,1,2,1,2,8,0,2,2,1,1,0,0,1,2
110,1,0,2,0,1,0,2,2,2,1,2,0,1,0,2
109,0,0,0,1,2,4,1,2,2,1,2,1,1,1,2
109,1,1,2,1,2,8,0,2,2,1,2,0,0,0,2
109,0,1,2,0,2,4,0,2,2,1,0,0,0,0,2
109,0,1,2,0,2,0,2,2,2,1,2,1,1,1,2
109,1,0,2,0,1,6,2,2,2,1,0,0,0,1,0
109,0,1,0,1,2,8,2,2,2,1,2,0,0,0,2
109,0,1,2,1,2,8,2,2,0,1,2,0,1,0,1
109,0,0,2,1,2,0,2,2,2,1,0,1,1,0,2
109,1,1,2,0,2,8,2,2,2,1,2,0,0,0,2
109,1,0,0,1,2,8,2,2,2,1,2,1,0,1,2
109,0,0,2,1,2,0,2,2,2,1,2,1,1,1,2
109,1,0,2,1,1,10,0,2,0,1,3,0,1,1,1
109,0,0,2,0,2,8,2,2,2,1,2,0,0,1,2
110,0,0,2,0,2,0,0,2,0,1,2,0,0,1,2
110,0,0,2,1,1,10,2,2,1,1,2,0,1,0,3
109,0,1,2,1,2,8,1,2,0,1,0,0,1,1,3
110,0,1,2,1,1,4,1,2,2,1,2,1,1,1,2
109,2,1,2,1,2,7,1,2,0,1,2,0,0,1,2
110,0,0,2,1,1,4,2,2,1,1,2,1,0,1,1
109,0,1,2,0,2,7,2,2,2,1,0,0,1,0,2
109,2,0,0,1,2,4,0,2,2,1,2,1,0,1,2
110,0,0,2,1,1,6,2,2,2,1,2,1,1,1,0
110,0,0,2,0,2,0,2,2,2,1,2,0,0,1,0
110,0,1,2,1,2,0,1,2,2,1,2,0,0,0,2
110,0,0,2,1,2,4,2,2,2,1,2,0,1,1,2
109,0,1,2,1,2,0,1,2,2,1,2,0,1,1,2
110,0,0,2,0,1,8,1,2,1,1,2,1,0,1,2
110,1,0,2,1,1,4,2,2,2,1,2,1,0,0,0
110,0,0,2,1,2,2,2,2,2,0,1,0,1,0,3
109,0,0,0,1,2,0,0,2,0,1,2,0,0,0,2
100,0,1,2,1,1,0,1,2,1,1,0,0,0,1,2
109,0,1,0,0,2,10,0,2,2,1,0,0,1,0,3
109,0,1,0,0,2,0,1,2,2,1,1,0,1,0,2
110,0,0,0,1,2,4,2,2,2,1,2,0,0,0,0
100,0,0,2,1,2,2,0,1,0,1,2,1,1,1,2
109,0,1,2,1,2,9,1,2,1,1,0,0,1,1,3
109,0,1,2,1,2,0,2,2,2,1,2,0,1,1,2
109,0,1,2,1,2,8,2,2,2,1,2,0,0,0,3
110,0,0,2,1,2,6,0,2,0,1,2,0,0,1,1
109,0,1,2,1,2,4,2,2,0,1,0,0,1,1,2
109,1,0,0,1,2,7,2,2,2,1,0,0,1,1,2
109,1,0,2,0,2,1,2,2,2,1,2,0,1,0,2
110,0,0,2,1,2,8,2,2,2,1,2,1,0,1,0
109,0,1,2,0,1,1,2,2,2,1,0,0,0,1,3
110,0,0,2,1,2,0,2,2,2,1,2,0,0,0,0
110,0,0,2,1,2,4,2,2,0,1,3,1,1,0,3
109,0,1,2,1,1,0,2,2,2,1,0,0,1,0,1
109,0,1,0,0,2,6,2,2,2,1,0,1,1,0,3
110,0,1,2,1,1,0,2,2,2,1,3,0,0,1,1
109,0,0,2,1,1,8,1,2,2,1,0,1,0,1,2
110,1,1,2,0,1,0,0,2,0,1,2,1,0,1,2
110,0,1,2,1,2,8,2,2,2,1,2,0,1,0,2
109,0,1,2,1,2,8,1,2,0,1,2,0,1,0,2
110,1,0,2,1,2,4,2,2,1,1,2,0,1,1,2
110,0,0,2,1,1,6,2,2,2,1,2,1,1,1,1
110,0,0,2,1,2,0,2,2,2,1,2,0,0,1,0
110,0,0,2,0,2,0,0,2,2,1,2,0,0,1,1
110,0,0,2,0,2,10,1,2,1,1,0,0,0,0,0
109,0,0,2,0,1,8,2,2,2,1,3,0,0,1,2
110,0,0,0,1,1,0,2,2,2,1,2,0,0,1,3
100,0,1,2,1,2,6,1,2,0,1,3,0,1,1,2
110,0,0,2,0,2,7,2,2,0,1,2,1,0,0,0
110,0,0,2,1,2,6,0,2,2,1,2,1,0,1,1
110,0,0,2,1,2,6,0,2,2,1,3,1,1,1,3
110,0,0,0,1,2,8,2,2,2,1,0,0,0,0,2
110,0,1,2,0,2,6,0,2,2,1,2,1,1,1,2
110,0,1,2,0,1,6,2,2,2,1,1,0,0,1,2
110,0,0,2,0,1,6,2,2,1,0,2,0,1,0,2
110,0,1,2,1,1,3,2,2,2,1,1,0,0,1,2
110,0,0,2,1,1,0,0,2,0,1,0,0,0,1,2
110,0,1,2,0,2,8,1,2,0,0,0,0,1,0,2
110,0,0,2,1,2,4,2,2,2,1,2,0,1,1,1
110,0,1,2,1,1,7,1,2,2,0,2,0,0,1,2
110,1,0,2,0,2,4,0,2,0,1,2,1,0,1,2
110,0,0,2,1,2,6,2,2,2,1,2,0,0,0,0
110,1,0,2,1,2,0,2,2,1,1,2,1,0,1,0
110,0,1,2,0,1,8,0,2,0,1,2,0,1,0,2
110,0,1,2,1,2,0,2,2,2,1,2,1,1,1,2
109,0,1,2,1,2,7,1,2,2,1,2,0,1,0,2
109,0,1,2,1,1,8,1,2,0,1,0,0,1,0,3
110,0,0,2,0,2,2,0,2,1,1,2,1,1,1,1
110,0,1,2,0,1,9,1,2,2,1,2,0,0,0,2
110,0,0,2,1,1,0,1,2,0,1,2,1,1,0,2
110,0,0,2,1,2,8,2,2,2,1,2,1,1,1,2
110,0,1,0,0,2,6,0,2,0,1,2,0,0,0,1
110,0,0,2,1,1,4,1,2,2,1,2,1,1,1,2
110,1,0,2,1,1,6,1,2,0,1,2,1,0,1,2
110,0,0,2,1,1,0,2,2,2,1,2,1,0,0,1
110,0,1,2,0,2,10,0,2,2,1,0,0,0,0,0
110,0,0,2,1,2,8,2,2,2,1,0,0,0,1,2
110,0,0,0,0,2,8,2,2,2,1,2,0,0,1,2
110,1,0,2,1,2,0,2,2,2,1,2,1,1,1,2
110,0,1,2,1,2,8,2,2,0,1,3,0,0,0,2
110,1,0,2,1,1,6,2,2,0,1,0,1,1,1,2
110,0,0,2,1,1,0,2,2,2,1,2,0,0,1,1
110,0,0,2,1,2,2,2,2,2,1,2,0,1,1,1
110,1,0,2,1,2,0,2,2,2,1,3,0,1,1,2
110,0,0,2,1,2,6,1,2,2,1,2,1,1,1,2
110,0,0,2,1,2,0,2,2,0,1,2,0,1,1,2
110,0,0,2,1,1,8,2,2,1,1,0,0,1,1,2
110,0,0,2,1,1,8,2,2,2,1,2,1,0,1,0
110,0,0,2,1,2,0,1,2,2,1,2,1,1,1,2
110,0,0,2,1,2,8,1,2,1,1,2,1,1,1,2
110,0,1,2,1,2,9,1,2,2,1,2,0,0,1,2
110,0,1,2,1,2,9,1,2,2,1,2,0,0,1,1
110,0,0,2,1,1,0,2,2,0,1,2,1,1,1,2
110,1,0,2,1,2,4,0,2,1,1,2,1,0,1,2
110,1,0,2,1,2,7,2,2,0,1,2,1,1,1,2
110,0,1,2,0,1,8,2,2,2,1,0,0,1,0,3
110,1,1,2,1,2,2,2,2,2,1,2,1,0,1,2
110,0,0,2,1,2,0,2,2,2,1,2,1,0,1,2
110,1,0,2,1,2,8,1,2,2,1,2,0,0,1,0
110,0,0,2,1,2,6,1,2,0,1,0,0,0,0,2
110,0,0,0,1,1,8,0,2,1,1,2,0,1,1,2
109,0,1,2,0,2,4,2,2,2,0,0,0,1,0,2
110,1,1,1,0,2,7,2,2,2,1,0,0,0,0,2
110,0,0,2,1,2,8,2,2,2,1,2,0,0,1,2
110,0,1,2,1,2,0,2,2,2,1,0,0,1,0,3
110,0,1,2,0,2,4,0,2,2,1,0,0,1,0,1
110,0,1,2,1,2,7,2,2,2,1,0,0,1,1,2
110,0,1,2,0,2,6,2,2,2,1,0,0,0,0,0
110,0,0,2,1,2,8,2,2,2,1,2,0,0,1,2
110,1,0,2,1,2,7,0,2,2,0,2,1,0,1,2
110,1,0,2,1,2,10,1,2,0,1,2,1,0,1,2
110,1,0,2,1,2,6,2,2,2,1,2,1,0,0,1
110,0,1,2,0,1,0,2,2,2,1,0,0,1,0,1
110,0,1,2,1,2,8,0,2,0,0,2,0,1,1,3
110,0,0,0,0,2,8,2,2,2,1,2,0,1,0,2
110,0,1,2,0,1,9,2,2,0,1,2,0,1,0,0
110,1,0,2,1,1,4,2,2,2,1,2,1,1,1,3
110,0,0,2,0,1,0,2,2,2,1,2,1,0,0,2
110,0,1,2,0,2,9,2,2,2,1,2,0,1,1,1
110,0,0,2,1,1,10,0,2,2,1,2,1,0,1,1
110,0,1,2,0,2,8,1,2,1,1,0,0,1,0,2
110,0,0,2,1,2,8,2,2,2,1,2,1,1,0,2
110,0,0,2,1,2,0,1,2,1,1,2,1,1,1,2
110,0,1,2,1,1,4,1,2,2,1,0,0,1,0,2
110,2,1,2,1,1,4,2,2,2,1,2,1,1,0,2
109,1,1,2,1,2,0,1,2,2,1,0,0,1,1,3
110,0,0,2,0,2,8,2,2,2,1,2,0,0,1,1
110,0,0,2,1,2,6,2,2,2,1,2,1,1,1,1
110,1,1,2,1,0,0,2,2,2,1,3,0,1,1,2
89,0,1,2,0,2,0,1,2,2,1,1,0,1,0,2
89,1,1,2,0,2,8,2,2,2,1,0,0,0,0,2
88,0,1,2,0,2,2,2,2,2,1,0,0,0,0,2
89,0,1,2,0,2,10,2,2,2,1,2,0,1,0,0
89,0,1,2,0,2,8,2,2,2,1,2,0,0,1,2
89,0,1,2,0,2,8,2,2,2,1,2,0,0,1,2
89,1,1,2,0,2,7,2,2,2,1,3,0,0,0,2
89,0,1,2,0,2,6,2,2,2,1,2,0,0,0,0
89,1,1,2,0,2,0,0,2,2,1,1,0,0,1,2
88,1,1,0,0,2,0,2,2,2,1,0,0,1,1,2
89,1,1,2,0,2,0,2,2,2,1,0,0,0,1,0
89,1,0,2,0,2,10,2,2,2,1,2,0,0,0,2
90,0,1,2,0,2,0,2,2,2,1,0,0,0,0,2
88,0,1,2,0,2,0,2,2,2,1,2,0,0,0,2
89,0,1,2,0,2,6,2,2,2,1,0,0,0,0,2
90,0,1,2,1,2,10,1,2,2,1,2,0,0,1,2
90,1,1,2,0,2,0,2,2,2,1,2,0,0,1,2
90,1,1,2,0,2,10,2,2,2,1,0,0,0,0,0
89,0,1,2,0,2,8,2,2,2,1,1,0,1,0,3
90,1,1,2,1,2,6,2,2,2,1,0,0,0,0,2
89,0,1,2,0,2,8,2,2,2,1,0,0,1,0,2
89,1,1,2,0,2,6,2,2,2,1,2,0,0,0,2
90,1,1,2,0,2,0,2,2,2,1,2,0,0,1,2
89,1,1,2,0,2,7,2,2,2,1,1,0,0,0,1
89,2,1,2,0,2,1,2,2,2,1,2,0,0,1,3
89,1,1,2,0,2,6,2,2,2,1,2,1,0,1,2
89,0,0,0,0,2,8,2,2,2,1,2,1,0,0,3
88,0,1,2,0,2,8,2,2,2,1,0,0,0,1,2
89,0,0,2,0,2,8,2,2,2,1,2,0,0,0,2
90,1,0,2,0,2,6,2,2,2,1,3,0,0,0,0
95,0,0,0,0,2,6,0,2,2,1,0,0,0,0,2
96,0,1,2,0,1,0,2,2,2,1,2,0,0,0,2
96,0,0,0,1,2,8,2,2,2,1,2,0,0,1,1
96,1,0,0,0,2,4,2,2,2,1,2,0,0,0,1
96,0,1,2,0,2,8,2,2,2,1,2,0,0,1,2
96,0,1,2,0,2,0,2,2,2,1,3,0,1,0,0
96,1,0,2,0,2,4,2,2,2,1,2,0,0,0,2
95,0,0,2,1,1,0,2,2,2,1,0,0,1,1,2
95,0,0,2,0,2,6,2,2,2,1,0,0,0,1,0
96,0,0,2,0,2,9,2,2,2,1,3,1,0,0,2
95,0,0,0,0,1,0,2,2,2,1,0,0,1,0,2
96,0,0,2,1,2,8,2,2,2,1,0,0,1,0,2
96,1,1,2,0,1,8,2,2,2,1,2,0,0,0,3
95,0,1,2,1,2,8,2,2,2,1,0,0,1,0,2
95,0,1,2,0,2,8,2,2,2,1,2,0,0,0,0
96,0,0,0,0,2,0,2,2,2,1,2,0,0,0,2
95,1,1,2,0,2,4,2,2,2,1,2,0,1,0,1
95,0,1,2,1,2,8,2,2,2,1,2,0,0,0,2
95,0,1,2,0,2,8,2,2,2,1,1,0,0,1,0
95,0,0,2,0,2,6,2,2,2,1,0,0,0,1,2
96,0,0,0,0,1,2,2,2,2,1,2,0,0,0,1
96,0,0,0,0,2,0,2,2,2,1,2,0,0,0,2
95,0,1,2,0,2,0,2,2,2,1,0,0,0,0,2
95,0,1,2,0,2,8,2,2,2,1,0,0,0,0,3
95,0,0,2,0,1,0,2,2,2,1,0,0,0,1,2
95,0,0,2,0,1,2,1,2,2,1,0,0,0,0,2
95,0,1,0,1,2,0,2,2,2,1,1,0,0,0,3
95,0,1,2,1,1,8,2,2,2,1,3,1,0,0,3
96,1,0,2,1,2,8,2,2,2,1,2,1,0,1,2
96,0,1,2,0,2,7,2,2,2,1,0,0,0,0,3
96,0,1,2,0,2,4,0,2,2,1,1,0,1,0,2
96,0,1,2,0,2,0,1,2,2,1,0,0,0,1,3
96,0,1,2,0,2,8,2,2,2,1,0,0,0,0,3
96,0,0,2,0,2,0,2,2,2,1,2,0,0,0,2
96,0,0,2,0,1,7,2,2,2,1,2,0,1,0,2
96,1,0,2,0,2,3,2,2,2,1,2,0,0,0,0
95,0,1,0,0,2,7,2,2,0,1,0,0,0,0,3
96,0,1,2,1,2,2,2,2,2,1,3,1,1,1,2
96,0,1,2,1,2,0,2,2,2,1,2,0,0,1,3
95,1,1,2,0,2,8,2,2,2,1,2,0,0,1,3
96,0,0,2,0,2,8,2,2,2,1,2,0,1,1,2
95,1,1,2,1,2,0,2,2,2,1,0,0,0,1,2
96,0,0,2,1,1,8,2,2,2,1,2,0,0,0,2
96,0,1,2,1,1,9,2,2,2,1,3,1,0,0,2
96,0,0,0,0,2,0,1,2,2,1,1,0,1,1,2
96,0,1,2,0,2,9,1,2,2,1,0,0,0,0,3
96,0,1,2,0,2,2,2,2,2,1,0,0,1,1,3
95,0,0,2,0,2,2,2,2,2,1,2,0,0,0,0
96,1,0,2,1,1,0,2,2,2,1,2,1,1,1,2
96,0,1,2,0,2,0,2,2,2,1,1,0,0,1,3
96,0,1,2,0,2,0,2,2,2,1,0,0,0,0,3
96,0,1,2,0,2,0,2,2,2,1,2,0,0,0,2
96,0,1,2,0,2,0,2,2,2,1,2,1,0,1,3
96,0,1,0,1,2,8,2,2,2,1,2,1,0,0,2
96,0,0,2,0,2,0,2,2,2,1,2,0,0,0,1
96,0,0,2,0,2,8,2,2,2,1,2,0,0,1,2
96,0,0,2,0,2,0,1,2,2,1,3,0,0,1,2
96,0,0,2,1,1,1,2,2,2,1,2,0,0,1,2
96,0,1,2,1,1,10,2,2,2,1,1,0,1,1,2
96,1,0,0,0,1,8,2,2,2,1,2,0,1,0,3
96,2,0,2,1,2,6,2,2,2,1,2,0,1,0,3
96,0,0,2,1,2,8,2,2,2,1,2,0,0,1,2
96,0,1,2,0,2,0,2,2,2,1,0,0,1,1,2
96,0,1,0,1,2,10,2,2,2,1,0,0,0,1,2
96,1,1,0,0,1,0,0,2,2,1,0,0,0,1,3
96,1,0,2,1,2,8,2,2,2,1,2,0,0,1,2
96,0,1,2,0,2,6,2,2,2,1,2,0,0,0,2
95,1,0,2,0,2,10,2,2,2,1,0,0,0,0,3
96,0,0,2,0,2,0,2,2,2,1,2,0,0,1,2
96,0,1,0,1,2,0,2,2,2,1,2,0,0,0,2
96,0,0,2,0,2,8,2,2,2,1,0,0,0,0,2
97,0,0,2,1,1,2,2,2,2,1,3,0,0,1,2
97,1,1,2,0,1,2,2,2,2,1,1,1,0,0,2
96,0,1,0,0,2,0,2,2,2,1,0,0,1,1,2
97,1,1,2,0,2,4,2,2,2,1,2,0,0,0,3
97,0,1,2,1,2,10,2,2,2,1,2,0,0,0,2
96,0,0,0,1,2,8,2,2,2,1,3,0,0,1,2
96,1,0,2,1,2,0,2,2,2,1,3,0,0,0,3
97,0,0,0,0,2,10,2,2,2,1,2,0,0,1,3
95,1,1,2,1,2,0,1,2,2,1,1,0,0,0,3
96,0,0,2,0,2,0,2,2,2,1,2,0,1,1,2
96,0,0,2,0,1,7,2,2,2,1,0,0,0,0,0
97,0,0,2,0,1,1,2,2,2,1,3,0,0,0,0
95,0,1,2,0,2,8,2,2,2,1,0,0,0,0,3
97,0,0,2,1,2,0,2,2,2,1,2,0,0,1,2
96,1,1,2,0,2,6,2,2,2,1,2,0,1,1,2
97,0,0,2,0,2,0,2,2,2,1,2,0,0,1,2
97,1,0,2,0,1,4,2,2,2,1,2,0,0,0,1
96,0,1,2,0,2,8,1,2,2,1,2,0,0,1,2
96,0,0,0,0,2,8,2,2,2,1,2,0,0,1,3
96,0,1,2,1,2,8,2,2,2,1,2,0,0,1,2
96,1,1,2,1,2,8,2,2,2,1,2,0,1,0,2
95,0,1,2,0,2,8,2,2,2,1,2,0,0,0,2
96,0,1,2,1,2,0,2,2,2,1,1,0,0,0,2
96,0,1,0,0,1,10,2,2,2,1,0,0,0,0,2
95,0,1,2,0,2,10,1,2,2,1,0,0,0,1,3
95,0,1,2,0,2,10,1,2,2,1,0,0,0,1,3
97,0,0,2,1,1,10,0,2,2,1,0,0,1,1,2
97,0,0,2,0,2,7,2,2,2,1,2,0,0,1,2
97,0,0,2,0,2,7,2,2,2,0,3,1,0,1,2
97,0,0,2,0,2,8,2,2,2,1,2,0,0,0,2
95,0,1,2,0,2,4,2,2,2,1,2,1,1,0,2
96,0,1,2,1,2,0,1,2,2,1,0,0,1,0,3
97,0,1,2,1,2,8,2,2,2,1,0,0,1,0,3
97,0,0,0,0,2,6,2,2,2,1,0,0,0,0,2
97,0,1,2,1,1,4,2,2,2,1,2,1,0,1,2
97,0,0,2,1,2,8,2,2,2,1,2,0,0,1,2
97,0,1,2,0,2,4,2,2,2,1,0,0,0,0,2
96,0,1,0,0,2,8,2,2,2,1,3,0,0,1,3
96,0,1,2,1,2,0,2,2,2,1,0,0,0,0,3
96,0,1,2,0,2,0,2,2,2,1,2,0,0,0,0
97,1,0,2,0,2,0,2,2,2,1,1,0,0,0,3
97,0,0,2,0,1,8,2,2,2,1,3,0,0,1,2
97,1,1,2,1,2,8,2,2,2,1,2,0,0,1,2
96,0,0,2,0,2,0,0,2,1,1,0,0,1,0,2
97,0,0,2,1,2,0,1,2,2,1,0,0,0,1,2
96,0,1,2,0,2,0,2,2,1,1,0,0,0,1,2
97,1,0,2,0,2,0,2,2,2,1,2,1,0,1,1
97,1,0,2,1,2,0,2,2,2,1,2,0,0,1,3
97,1,1,2,1,2,0,2,2,2,1,2,1,1,1,2
97,0,0,2,1,1,0,2,2,2,1,2,0,0,1,2
97,0,0,2,1,2,6,1,2,2,1,2,1,0,1,2
97,0,0,2,1,2,6,1,2,2,1,2,1,0,1,2
97,0,0,2,1,2,6,1,2,2,1,2,1,0,1,2
97,0,0,2,0,1,10,2,2,2,1,0,0,0,1,2
97,0,0,2,0,2,8,2,2,2,1,3,0,0,1,1
97,1,1,2,0,1,8,1,2,2,1,0,0,1,1,2
97,0,1,2,0,2,7,2,2,2,0,2,0,0,1,3
97,0,1,2,0,2,4,2,2,2,1,2,0,1,0,1
97,0,1,0,1,2,1,2,2,0,1,0,1,1,0,2
97,0,1,2,0,1,8,2,2,2,1,0,0,1,0,2
97,0,1,2,0,2,0,2,2,2,1,3,1,0,1,0
97,0,0,2,1,2,2,2,2,2,1,2,0,0,1,2
97,1,0,2,0,2,0,2,2,2,1,3,1,0,1,2
97,0,1,2,0,2,6,0,2,2,1,0,0,0,0,3
97,0,1,2,0,1,8,2,2,2,1,2,0,1,0,2
97,0,1,2,0,1,8,2,2,2,1,0,0,0,1,3
97,0,0,2,0,1,8,2,2,2,1,2,0,0,0,2
97,1,0,0,0,2,8,2,2,2,1,0,1,1,1,2
97,1,0,2,1,2,0,2,2,2,1,3,0,1,1,2
97,0,0,2,0,1,2,2,2,2,1,1,0,0,1,2
97,0,0,2,0,2,0,0,2,2,1,2,1,0,1,3
97,0,0,2,0,1,4,2,2,2,1,2,1,1,1,2
97,0,1,2,0,2,2,2,2,2,1,3,0,1,1,2
97,0,0,2,1,2,1,1,2,2,1,0,0,0,1,3
96,0,1,2,1,2,8,2,2,2,1,0,0,0,1,2
97,0,1,2,0,2,4,2,2,2,1,2,0,1,1,2
98,0,0,2,1,1,9,2,2,2,1,2,1,1,0,2
96,0,1,0,1,2,2,2,2,2,1,0,0,1,1,3
98,1,0,2,0,2,6,2,2,2,1,2,0,0,0,0
98,0,0,2,0,2,2,2,2,2,1,0,0,0,0,2
98,0,1,2,1,1,6,2,2,2,1,0,0,0,0,2
97,0,1,2,1,2,8,1,2,0,1,2,0,1,0,2
98,0,1,2,1,2,4,2,2,2,1,2,0,1,1,2
97,0,0,2,0,1,7,2,2,2,1,2,0,0,1,2
97,1,0,2,1,2,8,2,2,2,1,2,1,1,1,2
98,0,1,2,0,2,0,2,2,2,1,0,0,1,0,2
98,0,1,2,0,2,8,2,2,2,1,2,1,0,0,2
98,1,0,2,0,2,4,2,2,2,1,2,0,0,1,0
97,0,1,2,0,2,8,1,2,2,1,2,0,0,0,2
97,0,1,2,0,2,8,1,2,2,1,2,0,0,0,2
97,0,0,2,1,2,8,2,2,2,1,0,0,0,0,0
97,0,1,2,0,2,4,2,2,2,1,2,0,0,0,3
97,0,1,2,1,2,0,2,2,2,1,2,0,0,0,2
98,1,1,2,0,1,6,2,2,2,1,2,1,0,0,1
97,0,0,2,0,2,4,2,2,2,1,3,0,0,0,2
97,0,0,2,0,2,6,2,2,2,1,0,0,0,0,2
97,0,1,0,1,2,0,2,2,2,1,0,0,0,0,3
98,1,0,2,0,1,0,2,2,2,1,2,0,0,1,3
98,1,0,2,0,2,6,2,2,2,1,3,0,0,0,2
97,0,1,2,1,1,2,1,2,2,1,2,0,0,0,3
98,0,1,2,1,2,8,2,2,2,1,1,0,1,1,2
98,0,0,2,0,2,7,2,2,2,1,2,0,0,0,1
97,0,0,2,1,2,10,2,2,2,1,3,1,0,1,0
98,0,0,2,0,1,2,2,2,2,1,3,1,0,1,0
98,0,0,0,0,2,8,2,2,2,1,2,0,0,0,2
97,0,0,2,0,1,8,2,2,2,1,2,0,0,0,2
97,0,0,2,1,1,2,2,2,2,1,0,0,0,0,2
98,0,1,2,1,2,8,2,2,2,1,3,1,0,0,2
98,0,0,0,0,2,8,1,2,2,1,0,0,1,0,3
98,0,1,2,0,2,8,2,2,2,1,2,0,0,1,2
98,0,1,2,1,2,8,2,2,2,1,0,0,1,1,2
98,0,0,2,1,2,8,1,2,2,1,2,0,1,1,2
97,0,0,2,0,2,0,2,2,2,1,2,0,0,1,2
98,0,1,2,0,1,0,2,2,2,1,2,1,0,1,2
97,1,1,2,0,2,8,2,2,2,1,0,0,1,0,3
98,0,0,2,0,1,0,2,2,2,1,2,0,0,1,1
98,1,0,2,0,2,8,2,2,2,1,2,1,0,0,2
98,0,1,2,0,2,0,2,2,2,1,3,0,0,0,1
98,1,0,2,1,2,0,2,2,2,1,2,1,1,1,3
97,0,1,2,1,1,4,2,2,2,1,0,0,0,1,3
98,0,0,2,0,2,3,2,2,2,1,0,1,1,0,2
98,0,1,2,0,2,8,2,2,2,1,0,0,0,0,2
98,1,0,2,0,2,0,2,2,2,1,2,0,0,0,0
98,0,0,2,0,2,0,2,2,2,1,2,0,0,0,2
98,0,0,2,0,2,7,2,2,2,1,2,0,0,1,2
97,0,0,2,0,2,0,0,2,2,1,2,0,0,0,2
98,1,0,2,0,2,0,2,2,2,1,0,0,0,1,2
97,0,0,2,0,2,0,2,2,2,1,0,0,1,0,3
98,0,0,2,0,2,0,2,2,2,1,0,0,0,1,2
97,0,1,2,1,2,0,0,2,2,1,2,1,1,1,2
98,0,1,2,0,1,8,1,2,2,1,3,0,0,0,2
97,0,0,2,0,1,8,2,2,2,1,2,0,0,0,2
98,0,1,2,0,2,8,1,2,0,1,2,1,0,1,2
98,1,0,2,1,2,8,2,2,2,1,3,0,0,0,2
98,0,0,2,0,2,6,1,2,2,1,2,0,1,0,0
98,0,1,2,1,2,2,0,2,2,1,0,0,1,0,2
98,0,0,2,0,1,1,2,2,2,1,2,1,1,1,2
98,0,1,2,1,2,8,1,2,2,1,2,0,0,0,3
98,0,0,2,0,2,8,2,2,2,1,2,0,1,0,2
98,0,0,2,1,2,4,2,2,2,1,3,1,0,1,2
98,0,1,2,0,1,7,2,2,2,1,0,0,1,1,2
98,1,0,2,1,2,4,2,2,2,1,3,0,0,1,0
98,0,1,2,0,2,4,2,2,2,1,3,0,0,0,0
98,0,0,2,0,2,2,2,2,2,1,3,1,0,1,2
98,0,0,2,0,2,6,2,2,2,1,2,0,0,0,2
98,0,1,2,1,2,4,2,2,2,1,0,0,0,0,2
98,1,0,2,1,1,9,2,2,2,1,2,0,0,1,0
98,1,0,2,1,2,10,2,2,2,1,2,0,0,1,2
98,0,1,2,1,2,0,2,2,2,1,1,0,1,0,2
98,0,1,2,0,2,1,0,2,2,1,2,1,1,0,0
98,0,0,2,0,2,8,2,2,2,1,3,0,0,0,1
98,0,1,2,0,2,0,2,2,2,1,2,0,0,0,0
98,0,1,2,0,2,8,1,2,2,1,0,0,0,1,3
98,0,1,2,1,1,4,2,2,2,1,2,0,0,1,2
98,0,0,2,0,1,8,2,2,2,1,1,0,1,0,2
98,0,1,2,0,2,2,2,2,2,1,0,0,0,0,1
98,0,1,0,1,2,8,2,2,2,1,0,1,0,1,1
98,1,1,0,0,2,0,2,2,2,1,2,0,0,0,2
98,1,1,0,0,2,0,2,2,2,1,2,0,0,0,2
98,0,1,2,1,2,8,2,2,2,1,3,0,1,1,2
98,1,1,0,0,1,2,2,2,2,1,2,1,0,1,2
98,1,0,2,0,2,8,2,2,2,1,2,0,0,0,2
98,0,1,2,1,2,8,2,2,0,1,0,0,1,1,2
98,1,0,2,0,2,7,2,2,2,1,2,0,0,0,2
98,0,1,2,1,2,8,2,2,2,1,2,0,1,1,2
99,0,1,2,1,2,8,2,2,2,1,2,0,1,1,1
99,0,1,2,1,2,0,0,2,2,1,2,0,1,1,2
98,0,0,2,1,2,2,2,2,2,1,0,0,0,0,2
99,1,0,2,0,1,8,2,2,2,1,2,0,0,0,2
99,0,0,2,0,2,4,2,2,2,1,2,1,0,0,2
99,0,1,2,0,1,8,2,2,2,1,2,1,0,1,2
98,0,1,2,1,2,8,2,2,2,0,0,0,0,0,2
98,0,1,2,0,2,8,2,2,2,1,0,0,0,1,0
99,0,0,2,0,1,0,2,2,2,1,2,1,0,0,0
98,0,1,2,0,2,0,1,2,2,1,1,0,0,0,3
99,0,0,2,1,2,2,2,2,2,1,2,0,0,0,2
98,0,1,2,0,2,8,2,2,2,1,0,0,0,1,2
90,0,1,2,0,2,8,2,2,2,1,2,0,0,1,2
89,0,1,2,1,2,2,2,2,2,1,2,0,0,0,2
89,1,1,2,0,2,0,2,2,2,1,0,0,0,0,3
90,0,0,2,0,2,6,2,2,2,1,2,0,1,1,2
89,1,1,2,0,2,0,2,2,2,1,0,0,0,0,3
90,0,1,2,0,2,0,2,2,2,1,0,0,1,1,2
90,0,0,2,0,1,0,2,2,2,1,2,0,0,0,3
89,0,1,2,0,2,8,1,2,2,1,2,0,0,0,2
90,0,1,2,0,2,0,2,2,2,1,2,0,0,1,3
88,0,1,2,0,2,2,2,2,2,1,0,0,0,0,2
98,1,1,2,0,2,0,2,2,2,1,3,0,1,1,0
99,0,0,2,0,1,8,2,2,2,1,2,0,0,1,2
99,0,1,2,1,2,4,2,2,2,1,2,0,0,1,2
99,0,1,2,0,1,8,2,2,2,1,3,0,1,0,2
99,0,0,2,1,1,8,0,2,2,1,2,0,0,1,2
99,0,1,2,0,2,6,2,2,2,1,0,0,0,0,1
99,1,0,2,0,2,4,2,2,2,1,2,0,0,1,2
98,0,0,2,1,1,7,2,2,2,1,2,1,0,1,2
99,0,0,2,0,2,6,2,2,2,1,3,0,0,1,2
98,1,0,2,0,1,3,2,2,2,1,2,1,0,1,2
98,0,1,2,0,2,8,2,2,2,1,0,0,0,0,2
98,1,0,2,1,2,4,2,2,2,1,2,1,1,1,2
99,1,0,2,0,2,8,2,2,2,1,2,0,0,0,2
98,0,1,2,1,1,8,2,2,2,1,0,0,1,1,2
98,0,1,2,1,2,0,2,2,2,1,0,0,0,0,2
98,0,0,2,1,2,8,2,2,2,1,2,0,0,0,2
98,1,1,2,0,2,10,2,2,0,1,3,0,0,0,3
98,0,1,2,0,2,8,2,2,2,1,3,0,1,1,2
98,0,0,2,0,2,2,2,2,2,1,2,1,1,1,2
99,0,0,2,0,2,8,2,2,2,1,2,1,1,0,2
99,1,1,2,1,2,0,2,2,2,1,1,0,0,0,2
98,0,1,0,0,2,0,2,2,2,1,0,0,0,1,3
99,0,1,2,1,2,4,2,2,2,1,2,0,0,0,2
99,1,0,2,1,2,4,2,2,2,1,2,0,0,0,1
99,0,1,1,0,2,8,2,2,2,1,0,0,1,1,2
99,0,0,2,0,1,6,2,2,2,1,2,0,0,1,2
99,1,0,2,0,2,0,2,2,2,1,2,1,0,0,2
99,0,1,2,0,2,8,2,2,2,1,2,0,1,0,3
99,0,0,2,1,2,8,2,2,2,1,2,1,0,1,2
99,0,0,2,1,1,8,2,2,2,1,2,1,0,1,1
99,1,0,2,1,1,0,2,2,2,1,2,1,1,1,2
99,0,0,2,0,2,0,2,2,2,1,3,1,1,0,0
99,0,1,2,0,2,7,2,2,0,1,2,0,0,0,3
99,0,0,2,1,1,8,2,2,2,1,2,1,0,1,2
98,0,1,2,1,2,8,2,2,2,1,2,0,0,0,2
98,1,1,2,1,2,8,1,2,2,1,3,1,0,1,0
99,0,0,2,0,1,8,1,2,2,1,3,1,0,1,2
99,0,0,2,1,2,7,2,2,2,1,2,0,0,1,2
99,0,0,2,0,1,10,2,2,2,1,0,0,0,0,2
99,0,0,2,1,2,6,1,2,2,1,0,0,1,1,1
99,0,1,2,1,2,4,2,2,2,1,2,1,1,1,2
98,0,1,2,0,1,7,2,2,2,1,1,0,1,0,2
99,0,0,2,0,2,2,2,2,2,1,0,0,0,0,3
99,0,0,2,1,2,10,2,2,2,1,2,1,1,1,3
99,0,0,2,0,1,4,2,2,2,1,0,0,0,0,0
99,0,0,2,0,2,0,2,2,2,1,2,0,0,0,2
98,1,1,2,0,2,8,2,2,2,1,2,1,0,0,1
99,0,1,2,0,2,2,2,2,2,1,2,1,0,0,1
98,0,1,2,1,2,0,2,2,2,1,0,0,0,0,2
99,0,0,2,0,2,0,2,2,2,1,2,0,0,0,0
99,1,0,2,1,2,8,2,2,2,1,0,1,1,0,2
99,1,0,2,1,2,8,2,2,2,1,0,1,1,0,2
98,1,1,2,0,2,8,2,2,2,1,1,0,1,0,2
99,0,0,2,0,2,3,2,2,2,1,3,1,0,1,3
99,1,0,2,0,2,0,0,2,2,1,0,0,0,0,2
99,0,0,2,1,2,2,2,2,2,1,2,0,0,1,1
99,0,1,2,0,2,6,2,2,2,1,2,0,0,0,2
98,0,0,0,1,2,0,2,2,2,1,2,0,0,1,3
99,0,0,2,0,1,0,2,2,2,1,2,0,0,0,2
98,0,0,2,1,1,8,1,2,1,1,0,0,1,0,3
99,0,0,2,1,2,10,2,2,2,1,0,0,0,0,2
99,0,0,2,0,1,0,2,2,2,1,2,0,0,1,0
99,0,0,2,0,2,8,2,2,2,1,2,0,0,0,2
99,0,1,2,0,2,0,2,2,2,1,1,0,0,1,0
99,0,0,2,0,1,2,2,2,2,1,2,0,0,1,2
99,0,0,0,1,2,0,2,2,2,1,2,0,0,1,3
99,0,1,2,1,2,8,2,2,2,1,1,0,1,1,1
99,0,1,2,1,2,7,2,2,2,0,3,0,0,1,2
99,0,0,2,1,2,0,2,2,2,1,2,1,0,1,2
98,1,0,2,0,2,0,2,2,2,1,2,0,1,0,2
99,0,1,2,0,1,0,2,2,2,1,2,1,0,0,0
98,0,0,2,0,1,10,2,2,2,1,2,0,1,0,3
99,0,1,2,1,2,6,2,2,2,1,2,1,1,1,3
98,0,1,2,0,2,0,2,2,2,1,0,0,1,1,2
99,1,1,2,0,2,0,2,2,2,1,2,0,0,1,2
99,2,1,2,0,2,0,2,2,2,1,0,0,0,0,3
99,1,0,0,0,2,7,2,2,2,1,2,0,0,1,2
99,0,1,2,0,2,8,2,2,2,1,0,0,1,1,1
99,1,1,2,0,1,7,2,2,2,1,3,0,0,0,2
99,0,1,0,0,2,8,2,2,2,1,0,0,1,1,3
99,0,0,2,0,2,6,2,2,2,1,2,0,0,0,2
99,0,0,2,1,1,0,2,2,2,1,0,0,0,1,2
99,0,0,2,0,2,6,2,2,2,1,2,0,0,0,1
99,0,0,0,0,1,10,2,2,2,1,2,0,1,0,2
99,0,1,2,0,2,8,2,2,2,1,1,0,1,0,2
99,0,1,2,0,1,8,2,2,2,1,0,0,0,0,2
99,0,0,2,0,2,6,1,2,0,1,2,1,1,0,2
99,0,1,2,1,2,4,2,2,2,1,2,0,0,1,2
99,0,1,2,1,1,0,2,2,2,1,1,0,1,1,2
99,0,1,2,1,2,4,1,2,2,1,1,0,0,1,2
99,0,1,2,0,2,7,2,2,2,1,3,0,0,1,2
99,0,0,2,0,1,0,2,2,2,1,2,0,1,1,2
98,0,1,2,1,2,0,1,2,2,1,3,0,1,0,2
99,0,0,2,0,2,4,2,2,2,1,2,0,0,0,2
99,1,1,2,1,2,8,1,2,2,1,2,1,0,1,2
